term	gene
GOCC:0045272	nuoN
GOCC:0045272	nuoM
GOCC:0045272	nuoL
GOCC:0045272	nuoK
GOCC:0045272	nuoJ
GOCC:0045272	nuoI
GOCC:0045272	nuoH
GOCC:0045272	nuoG
GOCC:0045272	nuoF
GOCC:0045272	nuoE
GOCC:0045272	nuoC
GOCC:0045272	nuoB
GOCC:0045272	nuoA
CL:2217	nuoN
CL:2217	nuoM
CL:2217	nuoL
CL:2217	nuoK
CL:2217	nuoJ
CL:2217	nuoI
CL:2217	nuoH
CL:2217	nuoG
CL:2217	nuoF
CL:2217	nuoE
CL:2217	nuoB
CL:2217	nuoA
GOCC:0030964	nuoN
GOCC:0030964	nuoM
GOCC:0030964	nuoL
GOCC:0030964	nuoK
GOCC:0030964	nuoJ
GOCC:0030964	nuoI
GOCC:0030964	nuoH
GOCC:0030964	nuoG
GOCC:0030964	nuoF
GOCC:0030964	nuoE
GOCC:0030964	nuoC
GOCC:0030964	nuoB
GOCC:0030964	nuoA
KW-0874	nuoN
KW-0874	nuoM
KW-0874	nuoL
KW-0874	nuoK
KW-0874	nuoJ
KW-0874	nuoI
KW-0874	nuoH
KW-0874	nuoG
KW-0874	nuoF
KW-0874	nuoE
KW-0874	nuoC
KW-0874	nuoB
KW-0874	nuoA
KW-0830	nuoN
KW-0830	nuoM
KW-0830	nuoL
KW-0830	nuoK
KW-0830	nuoJ
KW-0830	nuoI
KW-0830	nuoH
KW-0830	nuoG
KW-0830	nuoF
KW-0830	nuoE
KW-0830	nuoC
KW-0830	nuoA
GO:0045272	nuoN
GO:0045272	nuoM
GO:0045272	nuoL
GO:0045272	nuoK
GO:0045272	nuoJ
GO:0045272	nuoI
GO:0045272	nuoH
GO:0045272	nuoG
GO:0045272	nuoF
GO:0045272	nuoE
GO:0045272	nuoC
GO:0045272	nuoB
GO:0045272	nuoA
GO:0030964	nuoN
GO:0030964	nuoM
GO:0030964	nuoL
GO:0030964	nuoK
GO:0030964	nuoJ
GO:0030964	nuoI
GO:0030964	nuoH
GO:0030964	nuoG
GO:0030964	nuoF
GO:0030964	nuoE
GO:0030964	nuoC
GO:0030964	nuoB
GO:0030964	nuoA
CL:2214	nuoN
CL:2214	nuoM
CL:2214	nuoL
CL:2214	nuoK
CL:2214	nuoJ
CL:2214	nuoI
CL:2214	nuoH
CL:2214	nuoG
CL:2214	nuoF
CL:2214	nuoE
CL:2214	nuoC
CL:2214	nuoB
CL:2214	nuoA
GOCC:0098803	nuoN
GOCC:0098803	nuoM
GOCC:0098803	nuoL
GOCC:0098803	nuoK
GOCC:0098803	nuoJ
GOCC:0098803	nuoI
GOCC:0098803	nuoH
GOCC:0098803	nuoG
GOCC:0098803	nuoF
GOCC:0098803	nuoE
GOCC:0098803	nuoC
GOCC:0098803	nuoB
GOCC:0098803	nuoA
CL:905	ftsW
CL:905	mrcB
CL:905	mrdB
CL:905	mrdA
CL:905	ftsK
CL:905	zipA
CL:905	rodZ
CL:905	ftsB
CL:905	mreD
CL:905	mreC
CL:905	ftsX
CL:905	ftsE
CL:905	ftsN
CL:5328	glgP
CL:5328	glgA
CL:5328	glgC
CL:5328	glgX
CL:5328	glgB
CL:902	murE
CL:902	murD
CL:902	ftsW
CL:902	murG
CL:902	mrcB
CL:902	rlpA
CL:902	mrdB
CL:902	mrdA
CL:902	ftsK
CL:902	tmk
CL:902	dedD
CL:902	zipA
CL:902	rodZ
CL:902	nlpD
CL:902	ftsB
CL:902	mreD
CL:902	mreC
CL:902	damX
CL:902	ftsX
CL:902	ftsE
CL:902	envC
CL:902	ftsN
CL:902	slt
KW-0396	infA
KW-0396	infC
KW-0396	infB
CL:903	murE
CL:903	murD
CL:903	ftsW
CL:903	murG
CL:903	mrcB
CL:903	mrdB
CL:903	mrdA
CL:903	ftsK
CL:903	zipA
CL:903	rodZ
CL:903	nlpD
CL:903	ftsB
CL:903	mreD
CL:903	mreC
CL:903	ftsX
CL:903	ftsE
CL:903	envC
CL:903	ftsN
CL:904	murE
CL:904	murD
CL:904	ftsW
CL:904	murG
CL:904	mrcB
CL:904	mrdB
CL:904	mrdA
CL:904	ftsK
CL:904	zipA
CL:904	rodZ
CL:904	ftsB
CL:904	mreD
CL:904	mreC
CL:904	ftsX
CL:904	ftsE
CL:904	ftsN
CL:928	mrdB
CL:928	rodZ
CL:928	mreD
CL:928	mreC
GO:0032153	ftsW
GO:0032153	mrdB
GO:0032153	tolQ
GO:0032153	tolR
GO:0032153	tolA
GO:0032153	tolB
GO:0032153	pal
GO:0032153	ftsK
GO:0032153	dedD
GO:0032153	zipA
GO:0032153	nlpD
GO:0032153	ftsB
GO:0032153	zapA
GO:0032153	damX
GO:0032153	ftsX
GO:0032153	ftsE
GO:0032153	envC
GO:0032153	ftsN
GO:0070470	nuoN
GO:0070470	nuoM
GO:0070470	nuoL
GO:0070470	nuoK
GO:0070470	nuoJ
GO:0070470	nuoI
GO:0070470	nuoH
GO:0070470	nuoG
GO:0070470	nuoF
GO:0070470	nuoE
GO:0070470	nuoC
GO:0070470	nuoB
GO:0070470	nuoA
GO:0098803	nuoN
GO:0098803	nuoM
GO:0098803	nuoL
GO:0098803	nuoK
GO:0098803	nuoJ
GO:0098803	nuoI
GO:0098803	nuoH
GO:0098803	nuoG
GO:0098803	nuoF
GO:0098803	nuoE
GO:0098803	nuoC
GO:0098803	nuoB
GO:0098803	nuoA
GO:0009148	tmk
GO:0009148	dcd
GO:0009148	pyrG
GO:0009148	thyA
CL:901	murE
CL:901	murD
CL:901	ftsW
CL:901	murG
CL:901	mrcB
CL:901	rlpA
CL:901	mrdB
CL:901	mrdA
CL:901	ftsK
CL:901	tmk
CL:901	mepM
CL:901	mepS
CL:901	dedD
CL:901	zipA
CL:901	rodZ
CL:901	nlpD
CL:901	ftsB
CL:901	mreD
CL:901	mreC
CL:901	damX
CL:901	ftsX
CL:901	ftsE
CL:901	envC
CL:901	ftsN
CL:901	slt
GO:0003743	infA
GO:0003743	infC
GO:0003743	infB
GO:0009212	tmk
GO:0009212	dcd
GO:0009212	thyA
GO:0070469	nuoN
GO:0070469	nuoM
GO:0070469	nuoL
GO:0070469	nuoK
GO:0070469	nuoJ
GO:0070469	nuoI
GO:0070469	nuoH
GO:0070469	nuoG
GO:0070469	nuoF
GO:0070469	nuoE
GO:0070469	nuoC
GO:0070469	nuoB
GO:0070469	nuoA
CL:3080	envZ
CL:3080	ompR
CL:3080	cpxR
CL:3080	arcA
CL:3080	cpxP
GO:1905153	tolQ
GO:1905153	tolR
GO:1905153	tolA
GO:1905153	tolB
GO:1905153	pal
KW-0321	glgP
KW-0321	glgC
KW-0321	glgX
KW-0321	glgB
GOCC:0032153	ftsW
GOCC:0032153	tolQ
GOCC:0032153	tolR
GOCC:0032153	tolA
GOCC:0032153	tolB
GOCC:0032153	pal
GOCC:0032153	dedD
GOCC:0032153	zipA
GOCC:0032153	nlpD
GOCC:0032153	zapA
GOCC:0032153	damX
GOCC:0032153	ftsX
GOCC:0032153	ftsE
GOCC:0032153	envC
GOCC:0032153	ftsN
GO:0030428	ftsW
GO:0030428	ftsK
GO:0030428	dedD
GO:0030428	zipA
GO:0030428	ftsB
GO:0030428	zapA
GO:0030428	damX
GO:0030428	ftsX
GO:0030428	ftsE
GO:0030428	ftsN
CL:899	murE
CL:899	murD
CL:899	ftsW
CL:899	murG
CL:899	mrcB
CL:899	rlpA
CL:899	mrdB
CL:899	mrdA
CL:899	ftsK
CL:899	tmk
CL:899	mepM
CL:899	mepS
CL:899	dedD
CL:899	zipA
CL:899	rodZ
CL:899	nlpD
CL:899	ftsB
CL:899	mreD
CL:899	mreC
CL:899	damX
CL:899	ftsX
CL:899	ftsE
CL:899	envC
CL:899	ftsN
CL:899	slt
IPR018365	ftsW
IPR018365	mrdB
GO:0008137	nuoN
GO:0008137	nuoM
GO:0008137	nuoL
GO:0008137	nuoK
GO:0008137	nuoJ
GO:0008137	nuoG
GO:0008137	nuoF
GO:0008137	nuoC
GO:0008137	nuoB
GO:0008137	nuoA
GO:0046075	tmk
GO:0046075	dcd
GO:0046075	thyA
GOCC:0030428	ftsW
GOCC:0030428	ftsK
GOCC:0030428	dedD
GOCC:0030428	zipA
GOCC:0030428	ftsB
GOCC:0030428	damX
GOCC:0030428	ftsX
GOCC:0030428	ftsE
GOCC:0030428	ftsN
GO:0046385	tmk
GO:0046385	dcd
GO:0046385	nrdA
GO:0046385	thyA
GO:0015835	ftsW
GO:0015835	mrdB
GO:0000935	ftsX
GO:0000935	ftsE
GO:0000935	ftsN
GO:0050136	nuoN
GO:0050136	nuoM
GO:0050136	nuoL
GO:0050136	nuoK
GO:0050136	nuoJ
GO:0050136	nuoI
GO:0050136	nuoG
GO:0050136	nuoF
GO:0050136	nuoC
GO:0050136	nuoB
GO:0050136	nuoA
GO:0032506	ftsW
GO:0032506	ftsK
GO:0032506	minE
GO:0032506	minD
GO:0032506	minC
GO:0032506	dedD
GO:0032506	zipA
GO:0032506	ftsB
GO:0032506	zapA
GO:0032506	damX
GO:0032506	ftsX
GO:0032506	ftsE
GO:0032506	ftsN
GO:1990586	ftsW
GO:1990586	ftsK
GO:1990586	zipA
GO:1990586	ftsB
GO:1990586	ftsX
GO:1990586	ftsE
GO:1990586	ftsN
GO:0034335	gyrA
GO:0034335	gyrB
GO:0009147	tmk
GO:0009147	dcd
GO:0009147	pyrG
GO:0009147	thyA
IPR036615	murE
IPR036615	murD
IPR036615	folC
GO:0015836	ftsW
GO:0015836	mrdB
CL:1136	ybgC
CL:1136	tolQ
CL:1136	tolR
CL:1136	tolB
CL:1136	pal
GO:0005978	glgA
GO:0005978	glgC
GO:0005978	glgB
IPR036680	rlpA
IPR036680	dedD
IPR036680	damX
IPR036680	ftsN
GO:0009394	tmk
GO:0009394	dcd
GO:0009394	nrdA
GO:0009394	thyA
GO:0051301	murE
GO:0051301	murD
GO:0051301	ftsW
GO:0051301	murG
GO:0051301	clpX
GO:0051301	mrdB
GO:0051301	tolQ
GO:0051301	tolR
GO:0051301	tolA
GO:0051301	tolB
GO:0051301	pal
GO:0051301	ftsK
GO:0051301	mukB
GO:0051301	minE
GO:0051301	minD
GO:0051301	minC
GO:0051301	dicA
GO:0051301	mepM
GO:0051301	dedD
GO:0051301	zipA
GO:0051301	rodZ
GO:0051301	nlpD
GO:0051301	ftsB
GO:0051301	zapA
GO:0051301	damX
GO:0051301	ftsX
GO:0051301	ftsE
GO:0051301	envC
GO:0051301	ftsN
GO:0022402	ftsW
GO:0022402	ftsK
GO:0022402	mukB
GO:0022402	minE
GO:0022402	minD
GO:0022402	minC
GO:0022402	dedD
GO:0022402	zipA
GO:0022402	rodZ
GO:0022402	ftsB
GO:0022402	zapA
GO:0022402	parE
GO:0022402	damX
GO:0022402	ftsX
GO:0022402	ftsE
GO:0022402	dnaN
GO:0022402	ftsN
IPR006196	infA
GO:0090529	ftsW
GO:0090529	ftsK
GO:0090529	minE
GO:0090529	minD
GO:0090529	minC
GO:0090529	zipA
GO:0090529	ftsB
GO:0090529	zapA
GO:0090529	ftsX
GO:0090529	ftsE
GO:0090529	ftsN
GO:0048038	nuoN
GO:0048038	nuoM
GO:0048038	nuoL
GO:0048038	nuoK
GO:0048038	nuoJ
GO:0048038	nuoI
GO:0048038	nuoH
GO:0048038	nuoG
GO:0048038	nuoF
GO:0048038	nuoE
GO:0048038	nuoC
GO:0048038	nuoB
GO:0048038	nuoA
GO:0003954	nuoN
GO:0003954	nuoM
GO:0003954	nuoL
GO:0003954	nuoK
GO:0003954	nuoJ
GO:0003954	nuoI
GO:0003954	nuoG
GO:0003954	nuoF
GO:0003954	nuoC
GO:0003954	nuoB
GO:0003954	nuoA
GO:0000910	ftsW
GO:0000910	ftsK
GO:0000910	minE
GO:0000910	minD
GO:0000910	minC
GO:0000910	dedD
GO:0000910	zipA
GO:0000910	rodZ
GO:0000910	ftsB
GO:0000910	zapA
GO:0000910	damX
GO:0000910	ftsX
GO:0000910	ftsE
GO:0000910	ftsN
GO:1990085	hda
GO:1990085	dnaN
GO:0051781	ftsX
GO:0051781	ftsE
GO:0016655	nuoN
GO:0016655	nuoM
GO:0016655	nuoL
GO:0016655	nuoK
GO:0016655	nuoJ
GO:0016655	nuoI
GO:0016655	nuoH
GO:0016655	nuoG
GO:0016655	nuoF
GO:0016655	nuoC
GO:0016655	nuoB
GO:0016655	nuoA
IPR036565	murE
IPR036565	murD
IPR036565	folC
GO:0009211	tmk
GO:0009211	dcd
GO:0009211	thyA
GO:0007049	murE
GO:0007049	murD
GO:0007049	ftsW
GO:0007049	murG
GO:0007049	tolQ
GO:0007049	tolR
GO:0007049	tolA
GO:0007049	tolB
GO:0007049	pal
GO:0007049	ftsK
GO:0007049	mukB
GO:0007049	minE
GO:0007049	minD
GO:0007049	minC
GO:0007049	dicA
GO:0007049	dedD
GO:0007049	zipA
GO:0007049	rodZ
GO:0007049	nlpD
GO:0007049	ftsB
GO:0007049	zapA
GO:0007049	parE
GO:0007049	damX
GO:0007049	ftsX
GO:0007049	ftsE
GO:0007049	envC
GO:0007049	dnaN
GO:0007049	ftsN
GO:0030203	murE
GO:0030203	murD
GO:0030203	ftsW
GO:0030203	murG
GO:0030203	mrcB
GO:0030203	rlpA
GO:0030203	mrdB
GO:0030203	mrdA
GO:0030203	elyC
GO:0030203	mepM
GO:0030203	mepS
GO:0030203	rodZ
GO:0030203	glmM
GO:0030203	mreD
GO:0030203	mreC
GO:0030203	ftsX
GO:0030203	ftsE
GO:0030203	slt
GO:0006112	glgP
GO:0006112	glgA
GO:0006112	glgC
GO:0006112	glgX
GO:0006112	glgB
IPR018522	parE
IPR018522	gyrB
GO:0019692	tmk
GO:0019692	dcd
GO:0019692	nrdA
GO:0019692	thyA
CL:42	rpsT
CL:42	tsf
CL:42	infA
CL:42	rpsA
CL:42	infC
CL:42	rimM
CL:42	rpsP
CL:42	prfB
CL:42	rpsO
CL:42	infB
CL:42	rpsI
CL:42	rplM
CL:42	rpmD
CL:42	rpsE
CL:42	rplR
CL:42	rplF
CL:42	rpsN
CL:42	rplX
CL:42	rplN
CL:42	rpmC
CL:42	rplB
CL:42	rplW
CL:42	fusA
CL:42	rpsG
CL:42	atpG
CL:42	rplA
CL:42	prfC
KW-0133	murE
KW-0133	murD
KW-0133	ftsW
KW-0133	murG
KW-0133	mrcB
KW-0133	mrdB
KW-0133	mrdA
KW-0133	rodZ
KW-0133	mreD
KW-0133	mreC
CL:47	rpsT
CL:47	tsf
CL:47	rpsA
CL:47	infC
CL:47	rimM
CL:47	rpsP
CL:47	prfB
CL:47	rpsO
CL:47	rpsI
CL:47	rplM
CL:47	rpmD
CL:47	rpsE
CL:47	rplR
CL:47	rplF
CL:47	rpsN
CL:47	rplX
CL:47	rplN
CL:47	rpmC
CL:47	rplB
CL:47	rplW
CL:47	fusA
CL:47	rpsG
CL:47	rplA
CL:47	prfC
GO:0050793	murE
GO:0050793	murD
GO:0050793	ftsW
GO:0050793	murG
GO:0050793	mrcB
GO:0050793	mrdB
GO:0050793	mrdA
GO:0050793	rodZ
GO:0050793	mreD
GO:0050793	mreC
GO:0009273	murE
GO:0009273	murD
GO:0009273	ftsW
GO:0009273	murG
GO:0009273	mrcB
GO:0009273	mrdB
GO:0009273	mrdA
GO:0009273	elyC
GO:0009273	rodZ
GO:0009273	glmM
GO:0009273	mreD
GO:0009273	mreC
GO:0009273	envC
CL:49	rpsT
CL:49	tsf
CL:49	rpsA
CL:49	infC
CL:49	rpsP
CL:49	prfB
CL:49	rpsO
CL:49	rpsI
CL:49	rplM
CL:49	rpmD
CL:49	rpsE
CL:49	rplR
CL:49	rplF
CL:49	rpsN
CL:49	rplX
CL:49	rplN
CL:49	rpmC
CL:49	rplB
CL:49	rplW
CL:49	fusA
CL:49	rpsG
CL:49	rplA
CL:49	prfC
GO:0006022	murE
GO:0006022	murD
GO:0006022	ftsW
GO:0006022	murG
GO:0006022	mrcB
GO:0006022	rlpA
GO:0006022	mrdB
GO:0006022	mrdA
GO:0006022	elyC
GO:0006022	mepM
GO:0006022	mepS
GO:0006022	rodZ
GO:0006022	glmM
GO:0006022	mreD
GO:0006022	mreC
GO:0006022	ftsX
GO:0006022	ftsE
GO:0006022	slt
CL:45	rpsT
CL:45	tsf
CL:45	rpsA
CL:45	infC
CL:45	rimM
CL:45	rpsP
CL:45	prfB
CL:45	rpsO
CL:45	infB
CL:45	rpsI
CL:45	rplM
CL:45	rpmD
CL:45	rpsE
CL:45	rplR
CL:45	rplF
CL:45	rpsN
CL:45	rplX
CL:45	rplN
CL:45	rpmC
CL:45	rplB
CL:45	rplW
CL:45	fusA
CL:45	rpsG
CL:45	rplA
CL:45	prfC
GO:0042546	murE
GO:0042546	murD
GO:0042546	ftsW
GO:0042546	murG
GO:0042546	mrcB
GO:0042546	mrdB
GO:0042546	mrdA
GO:0042546	elyC
GO:0042546	rodZ
GO:0042546	glmM
GO:0042546	mreD
GO:0042546	mreC
GO:0042546	envC
CL:51	rpsT
CL:51	tsf
CL:51	rpsA
CL:51	infC
CL:51	rpsP
CL:51	rpsO
CL:51	rpsI
CL:51	rplM
CL:51	rpmD
CL:51	rpsE
CL:51	rplR
CL:51	rplF
CL:51	rpsN
CL:51	rplX
CL:51	rplN
CL:51	rpmC
CL:51	rplB
CL:51	rplW
CL:51	fusA
CL:51	rpsG
CL:51	rplA
GO:0042083	thyA
GO:1904949	ftsX
GO:1904949	ftsE
CL:54	rpsT
CL:54	rpsA
CL:54	rpsP
CL:54	rpsO
CL:54	rpsI
CL:54	rplM
CL:54	rpmD
CL:54	rpsE
CL:54	rplR
CL:54	rplF
CL:54	rpsN
CL:54	rplX
CL:54	rplN
CL:54	rpmC
CL:54	rplB
CL:54	rplW
CL:54	fusA
CL:54	rpsG
CL:54	rplA
GO:0009263	tmk
GO:0009263	dcd
GO:0009263	nrdA
GO:0009263	thyA
GO:0003955	nuoN
GO:0003955	nuoM
GO:0003955	nuoL
GO:0003955	nuoK
GO:0003955	nuoJ
GO:0003955	nuoI
GO:0003955	nuoG
GO:0003955	nuoF
GO:0003955	nuoC
GO:0003955	nuoB
GO:0003955	nuoA
GO:0009252	murE
GO:0009252	murD
GO:0009252	ftsW
GO:0009252	murG
GO:0009252	mrcB
GO:0009252	mrdB
GO:0009252	mrdA
GO:0009252	rodZ
GO:0009252	glmM
GO:0009252	mreD
GO:0009252	mreC
GO:0043093	ftsW
GO:0043093	ftsK
GO:0043093	zipA
GO:0043093	rodZ
GO:0043093	ftsB
GO:0043093	zapA
GO:0043093	ftsX
GO:0043093	ftsE
GO:0043093	ftsN
KW-0648	tsf
KW-0648	glnS
KW-0648	infA
KW-0648	serS
KW-0648	asnS
KW-0648	tyrS
KW-0648	infC
KW-0648	gltX
KW-0648	hisS
KW-0648	lysS
KW-0648	prfB
KW-0648	infB
KW-0648	fusA
KW-0648	trpS
KW-0648	prfC
CL:56	rpsP
CL:56	rpsI
CL:56	rpmD
CL:56	rplR
CL:56	rplN
CL:56	rpmC
CL:56	rplB
CL:56	rplW
CL:56	rpsG
CL:56	rplA
GO:0009221	tmk
GO:0009221	dcd
GO:0009221	thyA
GO:0009360	dnaE
GO:0009360	dnaX
GO:0009360	dnaN
GO:0009360	holD
GO:0009200	tmk
GO:0009200	dcd
GO:0009200	thyA
GO:0008135	tsf
GO:0008135	infA
GO:0008135	infC
GO:0008135	prfB
GO:0008135	infB
GO:0008135	fusA
GO:0008135	prfC
IPR009000	rimM
IPR009000	infB
IPR009000	fusA
IPR009000	prfC
GO:0070589	murE
GO:0070589	murD
GO:0070589	ftsW
GO:0070589	murG
GO:0070589	mrcB
GO:0070589	mrdB
GO:0070589	mrdA
GO:0070589	rodZ
GO:0070589	glmM
GO:0070589	mreD
GO:0070589	mreC
GO:0005840	rpsT
GO:0005840	rpsA
GO:0005840	rimM
GO:0005840	rpsP
GO:0005840	rpsO
GO:0005840	rpsI
GO:0005840	rplM
GO:0005840	rpmD
GO:0005840	rpsE
GO:0005840	rplR
GO:0005840	rplF
GO:0005840	rpsN
GO:0005840	rplX
GO:0005840	rplN
GO:0005840	rpmC
GO:0005840	rplB
GO:0005840	rplW
GO:0005840	rpsG
GO:0005840	rplA
IPR006195	serS
IPR006195	asnS
IPR006195	hisS
IPR006195	lysS
KW-0689	rpsT
KW-0689	rpsA
KW-0689	rpsP
KW-0689	rpsO
KW-0689	rpsI
KW-0689	rplM
KW-0689	rpmD
KW-0689	rpsE
KW-0689	rplR
KW-0689	rplF
KW-0689	rpsN
KW-0689	rplX
KW-0689	rplN
KW-0689	rpmC
KW-0689	rplB
KW-0689	rplW
KW-0689	rpsG
KW-0689	rplA
GO:0042773	nuoN
GO:0042773	nuoM
GO:0042773	nuoL
GO:0042773	nuoK
GO:0042773	nuoG
CL:948	murE
CL:948	murD
CL:948	murG
GO:0009219	tmk
GO:0009219	dcd
GO:0009219	thyA
GO:0002181	rpsT
GO:0002181	rpsA
GO:0002181	rpsP
GO:0002181	rpsO
GO:0002181	rpsI
GO:0002181	rplM
GO:0002181	rpmD
GO:0002181	rpsE
GO:0002181	rplR
GO:0002181	rplF
GO:0002181	rpsN
GO:0002181	rplX
GO:0002181	rplN
GO:0002181	rpmC
GO:0002181	rplB
GO:0002181	rplW
GO:0002181	rpsG
GO:0002181	rplA
CL:801	dnaE
CL:801	dnaX
CL:801	dnaN
CL:801	holD
GO:0015453	nuoN
GO:0015453	nuoM
GO:0015453	nuoL
GO:0015453	nuoK
GO:0015453	nuoJ
GO:0015453	nuoG
GO:0015453	nuoF
GO:0015453	nuoC
GO:0015453	nuoB
GO:0015453	nuoA
GOCC:0005618	ftsX
GOCC:0005618	slt
GOCC:0044391	rpsT
GOCC:0044391	rpsA
GOCC:0044391	rpsP
GOCC:0044391	rpsO
GOCC:0044391	rpsI
GOCC:0044391	rplM
GOCC:0044391	rpmD
GOCC:0044391	rpsE
GOCC:0044391	rplR
GOCC:0044391	rplF
GOCC:0044391	rpsN
GOCC:0044391	rplX
GOCC:0044391	rplN
GOCC:0044391	rpmC
GOCC:0044391	rplB
GOCC:0044391	rplW
GOCC:0044391	rpsG
GOCC:0044391	rplA
GOCC:0005840	rpsT
GOCC:0005840	rpsA
GOCC:0005840	rpsP
GOCC:0005840	rpsO
GOCC:0005840	rpsI
GOCC:0005840	rplM
GOCC:0005840	rpmD
GOCC:0005840	rpsE
GOCC:0005840	rplR
GOCC:0005840	rplF
GOCC:0005840	rpsN
GOCC:0005840	rplX
GOCC:0005840	rplN
GOCC:0005840	rpmC
GOCC:0005840	rplB
GOCC:0005840	rplW
GOCC:0005840	rpsG
GOCC:0005840	rplA
GO:0006412	rpsT
GO:0006412	tsf
GO:0006412	glnS
GO:0006412	infA
GO:0006412	serS
GO:0006412	rpsA
GO:0006412	asnS
GO:0006412	tyrS
GO:0006412	infC
GO:0006412	tsaB
GO:0006412	gltX
GO:0006412	hisS
GO:0006412	rpsP
GO:0006412	lysS
GO:0006412	prfB
GO:0006412	tsaD
GO:0006412	rpsO
GO:0006412	infB
GO:0006412	rpsI
GO:0006412	rplM
GO:0006412	rpmD
GO:0006412	rpsE
GO:0006412	rplR
GO:0006412	rplF
GO:0006412	rpsN
GO:0006412	rplX
GO:0006412	rplN
GO:0006412	rpmC
GO:0006412	rplB
GO:0006412	rplW
GO:0006412	fusA
GO:0006412	rpsG
GO:0006412	trpS
GO:0006412	rplA
GO:0006412	prfC
GOCC:0022626	rpsT
GOCC:0022626	rpsA
GOCC:0022626	rpsP
GOCC:0022626	rpsO
GOCC:0022626	rpsI
GOCC:0022626	rplM
GOCC:0022626	rpmD
GOCC:0022626	rpsE
GOCC:0022626	rplR
GOCC:0022626	rplF
GOCC:0022626	rpsN
GOCC:0022626	rplX
GOCC:0022626	rplN
GOCC:0022626	rpmC
GOCC:0022626	rplB
GOCC:0022626	rplW
GOCC:0022626	rpsG
GOCC:0022626	rplA
IPR040690	ftsX
CL:88	rpmD
CL:88	rplR
CL:88	rplB
CL:88	rplW
CL:88	rplA
GO:0003735	rpsT
GO:0003735	rpsA
GO:0003735	rpsP
GO:0003735	rpsO
GO:0003735	rpsI
GO:0003735	rplM
GO:0003735	rpmD
GO:0003735	rpsE
GO:0003735	rplR
GO:0003735	rplF
GO:0003735	rpsN
GO:0003735	rplX
GO:0003735	rplN
GO:0003735	rpmC
GO:0003735	rplB
GO:0003735	rplW
GO:0003735	rpsG
GO:0003735	rplA
GO:0044391	rpsT
GO:0044391	rpsA
GO:0044391	rpsP
GO:0044391	rpsO
GO:0044391	rpsI
GO:0044391	rplM
GO:0044391	rpmD
GO:0044391	rpsE
GO:0044391	rplR
GO:0044391	rplF
GO:0044391	rpsN
GO:0044391	rplX
GO:0044391	rplN
GO:0044391	rpmC
GO:0044391	rplB
GO:0044391	rplW
GO:0044391	rpsG
GO:0044391	rplA
GO:0022626	rpsT
GO:0022626	rpsA
GO:0022626	rpsP
GO:0022626	rpsO
GO:0022626	rpsI
GO:0022626	rplM
GO:0022626	rpmD
GO:0022626	rpsE
GO:0022626	rplR
GO:0022626	rplF
GO:0022626	rpsN
GO:0022626	rplX
GO:0022626	rplN
GO:0022626	rpmC
GO:0022626	rplB
GO:0022626	rplW
GO:0022626	rpsG
GO:0022626	rplA
GOCC:0022627	rpsT
GOCC:0022627	rpsA
GOCC:0022627	rpsP
GOCC:0022627	rpsO
GOCC:0022627	rpsI
GOCC:0022627	rpsE
GOCC:0022627	rpsN
GOCC:0022627	rpsG
KW-0545	tmk
KW-0545	thyA
GO:0090079	tsf
GO:0090079	infA
GO:0090079	infC
GO:0090079	prfB
GO:0090079	infB
GO:0090079	fusA
GO:0090079	prfC
KW-0132	murE
KW-0132	murD
KW-0132	ftsW
KW-0132	murG
KW-0132	tolQ
KW-0132	tolR
KW-0132	tolA
KW-0132	tolB
KW-0132	pal
KW-0132	ftsK
KW-0132	mukB
KW-0132	minE
KW-0132	minD
KW-0132	minC
KW-0132	dicA
KW-0132	dedD
KW-0132	zipA
KW-0132	nlpD
KW-0132	ftsB
KW-0132	zapA
KW-0132	damX
KW-0132	ftsX
KW-0132	ftsE
KW-0132	envC
KW-0132	ftsN
CL:972	nlpD
CL:972	envC
PF00152	asnS
PF00152	lysS
KW-0030	glnS
KW-0030	serS
KW-0030	asnS
KW-0030	tyrS
KW-0030	gltX
KW-0030	hisS
KW-0030	lysS
KW-0030	trpS
IPR041423	gyrB
CL:795	dnaE
CL:795	dnaX
CL:795	seqA
CL:795	hda
CL:795	dnaG
CL:795	dnaN
CL:795	dnaB
CL:795	holD
KW-0699	rpsT
KW-0699	infA
KW-0699	rimM
KW-0699	rpsO
KW-0699	rpsE
KW-0699	rplR
KW-0699	rplF
KW-0699	rplX
KW-0699	rplN
KW-0699	rpmC
KW-0699	rplB
KW-0699	rplW
KW-0699	rpsG
KW-0699	rplA
GO:0046073	thyA
IPR036707	minE
KW-0961	murE
KW-0961	murD
KW-0961	ftsW
KW-0961	murG
KW-0961	mrcB
KW-0961	rlpA
KW-0961	mrdB
KW-0961	mrdA
KW-0961	elyC
KW-0961	mepM
KW-0961	mepS
KW-0961	slt
GO:0044036	murE
GO:0044036	murD
GO:0044036	ftsW
GO:0044036	murG
GO:0044036	mrcB
GO:0044036	mrdB
GO:0044036	mrdA
GO:0044036	rodZ
GO:0044036	glmM
GO:0044036	mreD
GO:0044036	mreC
GO:0045182	tsf
GO:0045182	infA
GO:0045182	infC
GO:0045182	prfB
GO:0045182	rpsO
GO:0045182	infB
GO:0045182	fusA
GO:0045182	prfC
IPR023035	rpsI
GOCC:1990904	rpsT
GOCC:1990904	rpsA
GOCC:1990904	rpsP
GOCC:1990904	rpsO
GOCC:1990904	rpsI
GOCC:1990904	rplM
GOCC:1990904	rpmD
GOCC:1990904	rpsE
GOCC:1990904	rplR
GOCC:1990904	rplF
GOCC:1990904	rpsN
GOCC:1990904	rplX
GOCC:1990904	rplN
GOCC:1990904	rpmC
GOCC:1990904	rplB
GOCC:1990904	rplW
GOCC:1990904	rpsG
GOCC:1990904	rnpA
GOCC:1990904	rplA
KW-0687	rpsT
KW-0687	rpsA
KW-0687	rpsP
KW-0687	rpsO
KW-0687	rpsI
KW-0687	rplM
KW-0687	rpmD
KW-0687	rpsE
KW-0687	rplR
KW-0687	rplF
KW-0687	rpsN
KW-0687	rplX
KW-0687	rplN
KW-0687	rpmC
KW-0687	rplB
KW-0687	rplW
KW-0687	rpsG
KW-0687	rplA
GO:0022627	rpsT
GO:0022627	rpsA
GO:0022627	rpsP
GO:0022627	rpsO
GO:0022627	rpsI
GO:0022627	rpsE
GO:0022627	rpsN
GO:0022627	rpsG
GO:0016881	murE
GO:0016881	murD
GO:0016881	folC
GO:0016881	dfp
CL:311	glnS
CL:311	serS
CL:311	asnS
CL:311	tyrS
CL:311	gltX
CL:311	lysS
GO:0003883	pyrG
GO:1990904	rpsT
GO:1990904	rpsA
GO:1990904	rpsP
GO:1990904	rpsO
GO:1990904	rpsI
GO:1990904	rplM
GO:1990904	rpmD
GO:1990904	rpsE
GO:1990904	rplR
GO:1990904	rplF
GO:1990904	rpsN
GO:1990904	rplX
GO:1990904	rplN
GO:1990904	rpmC
GO:1990904	rplB
GO:1990904	rplW
GO:1990904	rpsG
GO:1990904	rnpA
GO:1990904	rplA
GO:0043043	rpsT
GO:0043043	tsf
GO:0043043	glnS
GO:0043043	infA
GO:0043043	serS
GO:0043043	rpsA
GO:0043043	asnS
GO:0043043	tyrS
GO:0043043	infC
GO:0043043	tsaB
GO:0043043	gltX
GO:0043043	hisS
GO:0043043	rpsP
GO:0043043	lysS
GO:0043043	prfB
GO:0043043	tsaD
GO:0043043	rpsO
GO:0043043	infB
GO:0043043	rpsI
GO:0043043	rplM
GO:0043043	rpmD
GO:0043043	rpsE
GO:0043043	rplR
GO:0043043	rplF
GO:0043043	rpsN
GO:0043043	rplX
GO:0043043	rplN
GO:0043043	rpmC
GO:0043043	rplB
GO:0043043	rplW
GO:0043043	fusA
GO:0043043	rpsG
GO:0043043	trpS
GO:0043043	rplA
GO:0043043	prfC
GO:0043039	glnS
GO:0043039	serS
GO:0043039	asnS
GO:0043039	tyrS
GO:0043039	gltX
GO:0043039	hisS
GO:0043039	lysS
GO:0043039	trpS
GO:0009177	dcd
GO:0009177	thyA
GO:0000920	ftsK
GO:0000920	mepM
GO:0000920	nlpD
GO:0000920	envC
CL:897	murE
CL:897	murD
CL:897	ftsW
CL:897	murG
CL:897	mrcB
CL:897	degP
CL:897	rseP
CL:897	rlpA
CL:897	mrdB
CL:897	mrdA
CL:897	ybgC
CL:897	tolQ
CL:897	tolR
CL:897	tolA
CL:897	tolB
CL:897	pal
CL:897	ftsK
CL:897	tmk
CL:897	hinT
CL:897	ycfL
CL:897	lolB
CL:897	lapA
CL:897	mepM
CL:897	mepS
CL:897	ompC
CL:897	dedD
CL:897	zipA
CL:897	rodZ
CL:897	rpoE
CL:897	nlpD
CL:897	ftsB
CL:897	zapA
CL:897	degS
CL:897	mreD
CL:897	mreC
CL:897	damX
CL:897	ftsX
CL:897	ftsE
CL:897	envC
CL:897	ftsN
CL:897	slt
GO:0006413	infA
GO:0006413	infC
GO:0006413	infB
CL:898	murE
CL:898	murD
CL:898	ftsW
CL:898	murG
CL:898	mrcB
CL:898	degP
CL:898	rseP
CL:898	rlpA
CL:898	mrdB
CL:898	mrdA
CL:898	ybgC
CL:898	tolQ
CL:898	tolR
CL:898	tolA
CL:898	tolB
CL:898	pal
CL:898	ftsK
CL:898	tmk
CL:898	lolB
CL:898	lapA
CL:898	mepM
CL:898	mepS
CL:898	ompC
CL:898	dedD
CL:898	zipA
CL:898	rodZ
CL:898	rpoE
CL:898	nlpD
CL:898	ftsB
CL:898	zapA
CL:898	degS
CL:898	mreD
CL:898	mreC
CL:898	damX
CL:898	ftsX
CL:898	ftsE
CL:898	envC
CL:898	ftsN
CL:898	slt
IPR026034	mreD
GO:0042575	dnaE
GO:0042575	dnaX
GO:0042575	dnaN
GO:0042575	holD
GO:0071554	murE
GO:0071554	murD
GO:0071554	ftsW
GO:0071554	murG
GO:0071554	mrcB
GO:0071554	rlpA
GO:0071554	mrdB
GO:0071554	mrdA
GO:0071554	elyC
GO:0071554	mepM
GO:0071554	mepS
GO:0071554	rodZ
GO:0071554	glmM
GO:0071554	mreD
GO:0071554	mreC
GO:0071554	envC
GO:0071554	slt
GO:0043038	glnS
GO:0043038	serS
GO:0043038	asnS
GO:0043038	tyrS
GO:0043038	gltX
GO:0043038	hisS
GO:0043038	lysS
GO:0043038	trpS
CL:5326	glgP
CL:5326	glgA
CL:5326	glgC
CL:5326	glgX
CL:5326	glgB
GO:0019843	rpsT
GO:0019843	infA
GO:0019843	rimM
GO:0019843	rpsO
GO:0019843	rplM
GO:0019843	rpsE
GO:0019843	rplR
GO:0019843	rplF
GO:0019843	rpsN
GO:0019843	rplX
GO:0019843	rplN
GO:0019843	rpmC
GO:0019843	rplB
GO:0019843	rplW
GO:0019843	rpsG
GO:0019843	rplA
GO:0071826	rpsT
GO:0071826	rpsA
GO:0071826	rimM
GO:0071826	rpsP
GO:0071826	rpsO
GO:0071826	rpmD
GO:0071826	rpsE
GO:0071826	rplF
GO:0071826	rpsN
GO:0071826	rplX
GO:0071826	rpmC
GO:0071826	rplB
GO:0071826	rplW
GO:0071826	rpsG
GO:0071826	rplA
GO:0006421	asnS
CL:793	dnaE
CL:793	dnaX
CL:793	seqA
CL:793	gyrA
CL:793	hda
CL:793	parE
CL:793	dnaG
CL:793	gyrB
CL:793	dnaN
CL:793	dnaB
CL:793	holD
KW-0573	murE
KW-0573	murD
KW-0573	ftsW
KW-0573	murG
KW-0573	mrcB
KW-0573	mrdB
KW-0573	mrdA
IPR023803	rpsP
IPR036286	ymfK
IPR036286	lepB
IPR036286	lexA
GO:0000028	rpsT
GO:0000028	rpsA
GO:0000028	rimM
GO:0000028	rpsP
GO:0000028	rpsO
GO:0000028	rpsE
GO:0000028	rpsN
GO:0000028	rpsG
GO:0044210	pyrG
GO:0009262	tmk
GO:0009262	dcd
GO:0009262	nrdA
GO:0009262	thyA
CL:309	glnS
CL:309	serS
CL:309	asnS
CL:309	tyrS
CL:309	gltX
CL:309	hisS
CL:309	lysS
CL:946	murE
CL:946	murD
CL:946	murG
CL:4467	rbsK
CL:4467	rbsR
GO:0009254	mepM
GO:0009254	mepS
GO:0009254	ftsX
GO:0009254	ftsE
KW-0184	ihfB
KW-0184	ihfA
IPR040573	prc
GO:0042255	rpsT
GO:0042255	rpsA
GO:0042255	rimM
GO:0042255	rpsP
GO:0042255	rpsO
GO:0042255	rpmD
GO:0042255	rpsE
GO:0042255	rplF
GO:0042255	rpsN
GO:0042255	rplX
GO:0042255	rpmC
GO:0042255	rplB
GO:0042255	rplW
GO:0042255	rpsG
GO:0042255	rplA
GO:0006518	rpsT
GO:0006518	tsf
GO:0006518	glnS
GO:0006518	infA
GO:0006518	serS
GO:0006518	rpsA
GO:0006518	asnS
GO:0006518	tyrS
GO:0006518	infC
GO:0006518	tsaB
GO:0006518	gltX
GO:0006518	hisS
GO:0006518	rpsP
GO:0006518	lysS
GO:0006518	prfB
GO:0006518	tsaD
GO:0006518	rpsO
GO:0006518	infB
GO:0006518	rpsI
GO:0006518	rplM
GO:0006518	rpmD
GO:0006518	rpsE
GO:0006518	rplR
GO:0006518	rplF
GO:0006518	rpsN
GO:0006518	rplX
GO:0006518	rplN
GO:0006518	rpmC
GO:0006518	rplB
GO:0006518	rplW
GO:0006518	fusA
GO:0006518	rpsG
GO:0006518	trpS
GO:0006518	rplA
GO:0006518	prfC
GO:1903789	proQ
CL:908	ftsW
CL:908	ftsK
CL:908	zipA
CL:908	ftsN
IPR016047	mepM
IPR016047	nlpD
IPR016047	envC
CL:798	dnaE
CL:798	dnaX
CL:798	dnaG
CL:798	dnaN
CL:798	dnaB
CL:798	holD
IPR000795	infB
IPR000795	fusA
IPR000795	prfC
GO:0005198	rpsT
GO:0005198	hupB
GO:0005198	rpsA
GO:0005198	rpsP
GO:0005198	rpsO
GO:0005198	rpsI
GO:0005198	rplM
GO:0005198	rpmD
GO:0005198	rpsE
GO:0005198	rplR
GO:0005198	rplF
GO:0005198	rpsN
GO:0005198	rplX
GO:0005198	rplN
GO:0005198	rpmC
GO:0005198	rplB
GO:0005198	rplW
GO:0005198	rpsG
GO:0005198	rplA
GO:0005198	hupA
GO:0046452	folA
GO:0046452	folC
GO:0000774	grpE
IPR013437	ftsW
IPR044145	infB
GO:0008955	ftsW
GO:0008955	mrcB
GO:0008955	mrdB
IPR011923	mrdB
GO:0008765	murE
GO:0022625	rplM
GO:0022625	rpmD
GO:0022625	rplR
GO:0022625	rplF
GO:0022625	rplX
GO:0022625	rplN
GO:0022625	rpmC
GO:0022625	rplB
GO:0022625	rplW
GO:0022625	rplA
GO:0003918	gyrA
GO:0003918	parE
GO:0003918	gyrB
GO:0006221	tmk
GO:0006221	dcd
GO:0006221	upp
GO:0006221	pyrG
GO:0006221	thyA
KW-0315	guaA
KW-0315	pyrG
KW-0315	glmS
GO:1990177	ihfB
GO:1990177	ihfA
CL:985	rlpA
CL:985	dedD
CL:985	damX
CL:985	slt
PF06899	wzyE
CL:57	rpsP
CL:57	rpsI
CL:57	rplN
CL:57	rpmC
CL:57	rpsG
GO:0046901	folC
KW-0235	dnaE
KW-0235	dnaX
KW-0235	nrdA
KW-0235	hda
KW-0235	dnaG
KW-0235	dnaN
KW-0235	lexA
KW-0235	dnaB
KW-0235	holD
IPR004364	asnS
IPR004364	lysS
KW-0239	dnaE
KW-0239	dnaX
KW-0239	dnaN
KW-0239	holD
GO:0070180	rplM
GO:0070180	rplF
GO:0070180	rplX
GO:0070180	rplN
PF07722	pyrG
IPR042101	ffh
IPR042101	ftsY
IPR005286	ftsE
IPR002305	tyrS
IPR002305	trpS
GO:0150005	dnaN
IPR004374	prfB
CL:5325	pgm
CL:5325	glgP
CL:5325	glgA
CL:5325	glgC
CL:5325	glgX
CL:5325	glgB
GO:0022616	dnaE
GO:0022616	dnaN
GO:0071555	murE
GO:0071555	murD
GO:0071555	ftsW
GO:0071555	murG
GO:0071555	mrcB
GO:0071555	rlpA
GO:0071555	mrdB
GO:0071555	mrdA
GO:0071555	elyC
GO:0071555	mepM
GO:0071555	mepS
GO:0071555	slt
GO:0051302	minD
GO:0051302	minC
GO:0051302	ftsX
GO:0051302	ftsE
CL:2320	fabZ
CL:2320	fabH
CL:2320	fabG
CL:2320	fabF
CL:2320	accB
CL:2320	accC
GO:1990156	dnaG
GO:1990156	dnaB
CL:314	glnS
CL:314	serS
CL:314	gltX
CL:314	lysS
GO:0046940	cmk
GO:0046940	tmk
GO:0046940	gmk
GO:1990178	hupB
GO:1990178	hupA
GO:0008764	murD
CL:110	rpsT
CL:110	rpsA
CL:110	rpsO
CL:110	rplM
CL:110	rpsE
CL:110	fusA
GO:0006220	cmk
GO:0006220	tmk
GO:0006220	dcd
GO:0006220	upp
GO:0006220	pyrG
GO:0006220	thyA
GO:0004747	rbsK
IPR039718	nrdA
GO:0000027	rpmD
GO:0000027	rplF
GO:0000027	rplX
GO:0000027	rpmC
GO:0000027	rplB
GO:0000027	rplW
GO:0000027	rplA
GO:0034061	dnaE
GO:0034061	dnaX
GO:0034061	dnaN
GO:0034061	holD
GO:0016651	nuoN
GO:0016651	nuoM
GO:0016651	nuoL
GO:0016651	nuoK
GO:0016651	nuoJ
GO:0016651	nuoI
GO:0016651	nuoH
GO:0016651	nuoG
GO:0016651	nuoF
GO:0016651	nuoC
GO:0016651	nuoB
GO:0016651	nuoA
GO:1901891	minE
GO:1901891	minC
CL:2212	nuoN
CL:2212	nuoM
CL:2212	nuoL
CL:2212	nuoK
CL:2212	nuoJ
CL:2212	nuoI
CL:2212	nuoH
CL:2212	nuoG
CL:2212	nuoF
CL:2212	nuoE
CL:2212	nuoC
CL:2212	nuoB
CL:2212	nuoA
GO:0042273	rpmD
GO:0042273	rplF
GO:0042273	rplX
GO:0042273	rpmC
GO:0042273	rplB
GO:0042273	rplW
GO:0042273	rplA
GO:0071236	tolA
GO:0071236	tolB
GO:0071236	ftsK
IPR025501	minD
KW-0275	fabH
KW-0275	fabG
KW-0275	fabF
KW-0275	accB
KW-0275	accC
GO:0030880	rpoE
GO:0030880	dnaG
GO:0030880	rpoD
GO:0051087	cspC
GO:0051087	grpE
GO:0051087	groS
GO:0051726	minE
GO:0051726	minC
GO:0006048	glmM
GO:0006048	glmS
GO:0033201	glgA
GO:0046907	secD
GO:0046907	secF
GO:0046907	ffh
GO:0046907	ftsY
GO:0046907	tatA
GO:0046907	secE
GO:0060590	grpE
GO:0006047	glmM
GO:0006047	glmS
CL:604	grpE
CL:604	groS
GO:0006437	tyrS
IPR008915	degP
IPR008915	rseP
IPR008915	degS
IPR036510	rpsT
IPR017926	guaA
IPR017926	pyrG
GO:0008097	rplR
GO:0015990	nuoN
GO:0015990	nuoM
GO:0015990	nuoL
GO:0015990	nuoB
IPR001412	glnS
IPR001412	tyrS
IPR001412	gltX
IPR001412	trpS
IPR023171	nhaA
CL:41	rpsT
CL:41	tsf
CL:41	infA
CL:41	rpsA
CL:41	infC
CL:41	rimM
CL:41	rpsP
CL:41	prfB
CL:41	rpsO
CL:41	infB
CL:41	rpsI
CL:41	rplM
CL:41	rpmD
CL:41	rpsE
CL:41	rplR
CL:41	rplF
CL:41	rpsN
CL:41	rplX
CL:41	rplN
CL:41	rpmC
CL:41	rplB
CL:41	rplW
CL:41	fusA
CL:41	rpsG
CL:41	atpG
CL:41	rplA
CL:41	prfC
IPR005684	ihfA
IPR022813	secD
IPR022813	secF
GO:1903008	infC
GO:1903008	fusA
GO:0042274	rpsT
GO:0042274	rpsA
GO:0042274	rimM
GO:0042274	rpsP
GO:0042274	rpsO
GO:0042274	rpsE
GO:0042274	rpsN
GO:0042274	rpsG
IPR039418	ymfK
IPR039418	lexA
PF00308	hda
GO:0044787	dnaN
GO:0016879	murE
GO:0016879	murD
GO:0016879	folC
GO:0016879	guaA
GO:0016879	pyrG
GO:0016879	accC
GO:0016879	dfp
GO:0006229	dcd
IPR017790	mrdA
IPR044136	lysS
GO:1901653	tolA
GO:1901653	tolB
KW-0236	seqA
KW-0236	hda
IPR020591	hda
GO:0022411	infC
GO:0022411	prfB
GO:0022411	fusA
GO:0022411	prfC
IPR002312	asnS
GO:0046349	glmM
GO:0046349	glmS
GO:0005694	dnaE
GO:0005694	dnaX
GO:0005694	ihfB
GO:0005694	mukB
GO:0005694	gyrA
GO:0005694	hda
GO:0005694	parE
GO:0005694	dnaG
GO:0005694	gyrB
GO:0005694	dnaN
GO:0005694	dnaB
GO:0005694	holD
CL:3274	slp
CL:3274	gadE
CL:3274	gadX
GO:0061695	dnaE
GO:0061695	dnaX
GO:0061695	rpoE
GO:0061695	dnaG
GO:0061695	rpoD
GO:0061695	dnaN
GO:0061695	holD
IPR000713	murE
GO:0090329	seqA
GO:0090329	gyrA
GO:0090329	hda
GO:0090329	dnaN
CL:3079	igaA
CL:3079	envZ
CL:3079	ompR
CL:3079	cpxR
CL:3079	arcA
CL:3079	cpxP
GO:0019205	cmk
GO:0019205	tmk
GO:0019205	gmk
CL:114	rplM
CL:114	fusA
GO:0005047	ftsY
GO:0043846	dnaX
GO:0043846	holD
IPR036976	rimM
IPR045864	serS
IPR045864	asnS
IPR045864	hisS
IPR045864	lysS
GO:0070085	murG
GO:0070085	glmS
GO:0071897	dnaE
GO:0071897	dnaX
GO:0071897	dnaN
GO:0071897	holD
GO:0022884	ftsW
GO:0022884	secD
GO:0022884	secF
GO:0022884	mrdB
GO:0022884	tatA
GO:0022884	secE
IPR037061	slt
IPR005484	rplR
GO:0004315	fabH
GO:0004315	fabF
GO:0000906	ribE
IPR005743	gyrA
IPR035911	murE
GO:0008312	rne
GO:0008312	ffh
GO:0046036	pyrG
IPR001750	nuoN
IPR001750	nuoM
IPR001750	nuoL
CL:2183	ptsH
CL:2183	ptsI
CL:2183	crr
CL:2183	crp
CL:2183	cyaA
GO:0000400	rpsP
IPR038379	secE
GO:0030497	fabG
GO:0030497	fabF
GO:0140694	rpsT
GO:0140694	rpsA
GO:0140694	rimM
GO:0140694	rpsP
GO:0140694	rpsO
GO:0140694	rpmD
GO:0140694	rpsE
GO:0140694	rplF
GO:0140694	rpsN
GO:0140694	rplX
GO:0140694	rpmC
GO:0140694	rplB
GO:0140694	rplW
GO:0140694	rpsG
GO:0140694	rplA
GO:0034762	proQ
GO:0034762	gatA
GO:0034762	crr
PF00587	serS
PF00587	hisS
KW-0877	dnaN
GO:0072528	tmk
GO:0072528	dcd
GO:0072528	upp
GO:0072528	pyrG
GO:0072528	thyA
IPR019732	iraP
GO:0042777	atpG
GO:0043604	rpsT
GO:0043604	tsf
GO:0043604	glnS
GO:0043604	infA
GO:0043604	serS
GO:0043604	rpsA
GO:0043604	asnS
GO:0043604	tyrS
GO:0043604	infC
GO:0043604	tsaB
GO:0043604	gltX
GO:0043604	hisS
GO:0043604	rpsP
GO:0043604	lysS
GO:0043604	prfB
GO:0043604	tsaD
GO:0043604	rpsO
GO:0043604	infB
GO:0043604	rpsI
GO:0043604	rplM
GO:0043604	rpmD
GO:0043604	rpsE
GO:0043604	rplR
GO:0043604	rplF
GO:0043604	rpsN
GO:0043604	rplX
GO:0043604	rplN
GO:0043604	rpmC
GO:0043604	rplB
GO:0043604	rplW
GO:0043604	fusA
GO:0043604	rpsG
GO:0043604	trpS
GO:0043604	rplA
GO:0043604	prfC
IPR042106	nuoJ
GO:0061731	nrdA
GO:0045259	atpG
GO:0045229	murE
GO:0045229	murD
GO:0045229	ftsW
GO:0045229	murG
GO:0045229	mrcB
GO:0045229	rlpA
GO:0045229	mrdB
GO:0045229	mrdA
GO:0045229	elyC
GO:0045229	mepM
GO:0045229	mepS
GO:0045229	slt
GO:0030894	dnaE
GO:0030894	dnaX
GO:0030894	hda
GO:0030894	dnaG
GO:0030894	dnaN
GO:0030894	dnaB
GO:0030894	holD
GO:0016149	prfB
GO:0016149	prfC
IPR005144	nrdA
IPR010445	lapA
GO:0006633	fabZ
GO:0006633	fabH
GO:0006633	fabG
GO:0006633	fabF
GO:0006633	accB
GO:0006633	accC
GO:0009208	pyrG
GO:0005657	dnaE
GO:0005657	dnaX
GO:0005657	hda
GO:0005657	dnaG
GO:0005657	dnaN
GO:0005657	dnaB
GO:0005657	holD
GO:1990160	dnaB
GO:0071963	mreC
GO:0097718	clpX
GO:0097718	tolA
GO:0006275	seqA
GO:0006275	gyrA
GO:0006275	hda
GO:0006275	dnaN
IPR036138	mrdA
GO:0033818	fabH
GO:0036121	ftsK
IPR010227	nuoM
IPR011930	ftsN
CL:146	rpsT
CL:146	rpsO
CL:223	secD
CL:223	secF
CL:223	ffh
CL:223	ftsY
CL:223	secE
IPR037207	nuoF
GO:0016728	nrdA
IPR002314	serS
GO:2000104	seqA
GO:2000104	gyrA
GO:2000104	hda
GO:2000104	dnaN
GO:0009130	dcd
GO:0009130	upp
GO:0009130	thyA
PF10736	yobF
GO:0043580	lpp
GO:0006605	secD
GO:0006605	secF
GO:0006605	ffh
GO:0006605	ftsY
GO:0006605	secE
GO:0006424	glnS
GO:0006424	gltX
GO:0070038	rlmH
IPR041988	rplX
CL:3465	wecE
CL:3465	wzyE
GO:0051050	proQ
GO:2000766	rpsA
GO:0042834	rlpA
GO:0042834	dedD
GO:0042834	damX
GO:0042834	ftsN
GO:0030174	seqA
GO:0030174	hda
GO:0030174	dnaN
IPR010096	nuoN
IPR000905	tsaB
IPR000905	tsaD
IPR005665	secF
GO:0019216	accC
GO:0004359	pyrG
CL:112	rplM
CL:112	fusA
KW-0444	lpxC
KW-0444	fabZ
KW-0444	lpxA
KW-0444	lpxB
KW-0444	fabH
KW-0444	fabG
KW-0444	fabF
KW-0444	pssA
KW-0444	accB
KW-0444	accC
KW-0444	psd
GO:0048856	minC
GO:0004654	pnp
IPR020056	glnS
IPR027398	secD
IPR027398	mzrA
GO:0046890	accC
GO:0046378	wecE
GO:0046378	wzyE
CL:2185	ptsH
CL:2185	ptsI
CL:2185	crr
GO:0006541	guaA
GO:0006541	pyrG
GO:0006541	glmS
IPR010978	serS
GO:0000918	minE
IPR012761	rpoS
GO:0004312	fabZ
GO:0004312	fabH
GO:0004312	fabG
GO:0004312	fabF
GO:0009002	mrcB
GO:0009002	mrdA
KW-0694	rpsT
KW-0694	nusB
KW-0694	infA
KW-0694	rpsA
KW-0694	tyrS
KW-0694	infC
KW-0694	proQ
KW-0694	rimM
KW-0694	pnp
KW-0694	rpsO
KW-0694	rpsI
KW-0694	rpsE
KW-0694	rplR
KW-0694	rplF
KW-0694	rplX
KW-0694	rplN
KW-0694	rpmC
KW-0694	rplB
KW-0694	rplW
KW-0694	rpsG
KW-0694	rnpA
KW-0694	rplA
CL:37	rpsT
CL:37	dksA
CL:37	tsf
CL:37	nusB
CL:37	glnS
CL:37	infA
CL:37	serS
CL:37	rpsA
CL:37	asnS
CL:37	tyrS
CL:37	infC
CL:37	gltX
CL:37	hisS
CL:37	rimM
CL:37	rpsP
CL:37	rpoS
CL:37	lysS
CL:37	prfB
CL:37	rpsO
CL:37	infB
CL:37	rpsI
CL:37	rplM
CL:37	rpmD
CL:37	rpsE
CL:37	rplR
CL:37	rplF
CL:37	rpsN
CL:37	rplX
CL:37	rplN
CL:37	rpmC
CL:37	rplB
CL:37	rplW
CL:37	fusA
CL:37	rpsG
CL:37	atpG
CL:37	rplA
CL:37	prfC
GO:0051745	ispH
CL:5324	pgm
CL:5324	glgP
CL:5324	glgA
CL:5324	glgC
CL:5324	glgX
CL:5324	glgB
CL:142	rpsT
CL:142	rpsO
GO:0005539	rlpA
GO:0005539	dedD
GO:0005539	damX
GO:0005539	ftsN
GO:0015986	atpG
GO:0043953	tatA
GO:0051066	folE
IPR035647	fusA
IPR035647	prfC
GO:0003723	rpsT
GO:0003723	nusB
GO:0003723	cspE
GO:0003723	infA
GO:0003723	rpsA
GO:0003723	tyrS
GO:0003723	infC
GO:0003723	cspC
GO:0003723	proQ
GO:0003723	gltX
GO:0003723	rimM
GO:0003723	lysS
GO:0003723	pnp
GO:0003723	rpsO
GO:0003723	rpsI
GO:0003723	rplM
GO:0003723	rpsE
GO:0003723	rplR
GO:0003723	rplF
GO:0003723	rpsN
GO:0003723	rplX
GO:0003723	rplN
GO:0003723	rpmC
GO:0003723	rplB
GO:0003723	rplW
GO:0003723	rpsG
GO:0003723	rnpA
GO:0003723	rplA
GO:0000217	rpsP
GO:0000217	crp
CL:1178	lapA
CL:1178	zapA
IPR047084	glmS
GO:0009977	tatA
GO:0003896	dnaG
GO:0045230	mepM
GO:0045230	mepS
IPR036523	umpG
GO:0009274	mrcB
GO:0009274	ftsX
GO:0009274	slt
GO:0015941	dfp
GO:0010498	clpP
GO:0051053	seqA
GO:0051053	gyrA
GO:0051053	hda
GO:0051053	dnaN
GO:2001295	accB
GO:2001295	accC
GO:0015444	mgtA
IPR041095	fusA
CL:221	secD
CL:221	secF
CL:221	lepB
CL:221	ffh
CL:221	ftsY
CL:221	secE
GO:0042254	rpsT
GO:0042254	nusB
GO:0042254	rpsA
GO:0042254	rimM
GO:0042254	rpsP
GO:0042254	rpsO
GO:0042254	rpmD
GO:0042254	rpsE
GO:0042254	rplF
GO:0042254	rpsN
GO:0042254	rplX
GO:0042254	rpmC
GO:0042254	rplB
GO:0042254	rplW
GO:0042254	rpsG
GO:0042254	rplA
GO:0009139	tmk
GO:0097056	serS
GO:0051055	accC
IPR036157	dcd
GO:0009051	zwf
CL:3271	slp
CL:3271	gadE
CL:3271	gadX
CL:318	lysS
GO:0030371	rpsO
CL:40	rpsT
CL:40	tsf
CL:40	infA
CL:40	rpsA
CL:40	infC
CL:40	rimM
CL:40	rpsP
CL:40	prfB
CL:40	rpsO
CL:40	infB
CL:40	rpsI
CL:40	rplM
CL:40	rpmD
CL:40	rpsE
CL:40	rplR
CL:40	rplF
CL:40	rpsN
CL:40	rplX
CL:40	rplN
CL:40	rpmC
CL:40	rplB
CL:40	rplW
CL:40	fusA
CL:40	rpsG
CL:40	atpG
CL:40	rplA
CL:40	prfC
GO:0022613	rpsT
GO:0022613	nusB
GO:0022613	rpsA
GO:0022613	rimM
GO:0022613	rpsP
GO:0022613	rpsO
GO:0022613	rpmD
GO:0022613	rpsE
GO:0022613	rplF
GO:0022613	rpsN
GO:0022613	rplX
GO:0022613	rpmC
GO:0022613	rplB
GO:0022613	rplW
GO:0022613	rpsG
GO:0022613	rplA
IPR019574	nuoG
GO:0000345	rpoE
GO:0000345	rpoD
GO:0140535	dnaE
GO:0140535	clpP
GO:0140535	clpX
GO:0140535	dnaX
GO:0140535	rpoE
GO:0140535	dnaG
GO:0140535	rpoD
GO:0140535	dnaN
GO:0140535	holD
IPR036049	rpmC
GO:1990159	dnaB
PF00128	glgX
PF00128	glgB
KW-0414	ispH
KW-0414	ispG
KW-0414	ispD
GO:0034311	folE
CL:1117	ybgC
CL:1117	tolQ
CL:1117	tolR
CL:1117	tolA
CL:1117	tolB
CL:1117	pal
CL:1117	lolB
IPR036621	hisS
GO:0032297	seqA
GO:0032297	hda
GO:0032297	dnaN
GO:0006487	glmS
CL:332	serS
IPR012338	mrcB
IPR012338	mrdA
GO:0006272	dnaE
GO:0009133	tmk
CL:35	rpsT
CL:35	dksA
CL:35	tsf
CL:35	nusB
CL:35	glnS
CL:35	infA
CL:35	serS
CL:35	rpsA
CL:35	asnS
CL:35	tyrS
CL:35	infC
CL:35	gltX
CL:35	hisS
CL:35	rimM
CL:35	rpsP
CL:35	rpoS
CL:35	lysS
CL:35	prfB
CL:35	rpsO
CL:35	infB
CL:35	rpsI
CL:35	rplM
CL:35	rpmD
CL:35	rpsE
CL:35	rplR
CL:35	rplF
CL:35	rpsN
CL:35	rplX
CL:35	rplN
CL:35	rpmC
CL:35	rplB
CL:35	rplW
CL:35	fusA
CL:35	rpsG
CL:35	atpG
CL:35	rplA
CL:35	prfC
GO:0009132	tmk
GO:0009132	gapA
GO:0009132	nrdA
GO:0009132	gmk
IPR004193	glgX
IPR004193	glgB
GOCC:1904949	clpP
GOCC:1904949	clpX
GOCC:1904949	dnaG
GOCC:1904949	dnaB
GO:0046080	dcd
GO:0046337	psd
IPR001133	nuoK
GO:0008079	prfB
GO:0008079	prfC
GO:0030155	cpxR
GO:0102499	glgP
GO:0019367	fabF
GO:0043603	rpsT
GO:0043603	tsf
GO:0043603	glnS
GO:0043603	infA
GO:0043603	serS
GO:0043603	rpsA
GO:0043603	asnS
GO:0043603	tyrS
GO:0043603	infC
GO:0043603	tsaB
GO:0043603	gltX
GO:0043603	hisS
GO:0043603	rpsP
GO:0043603	lysS
GO:0043603	prfB
GO:0043603	tsaD
GO:0043603	rpsO
GO:0043603	infB
GO:0043603	rpsI
GO:0043603	rplM
GO:0043603	rpmD
GO:0043603	rpsE
GO:0043603	rplR
GO:0043603	rplF
GO:0043603	rpsN
GO:0043603	rplX
GO:0043603	rplN
GO:0043603	rpmC
GO:0043603	rplB
GO:0043603	rplW
GO:0043603	fusA
GO:0043603	rpsG
GO:0043603	trpS
GO:0043603	rplA
GO:0043603	prfC
GO:1990100	dnaB
CL:691	dnaE
CL:691	dnaX
CL:691	seqA
CL:691	gyrA
CL:691	hda
CL:691	parE
CL:691	dnaG
CL:691	gyrB
CL:691	dnaN
CL:691	lexA
CL:691	dnaB
CL:691	holD
IPR018192	rpsE
IPR036788	infC
GO:2000767	rpsA
GO:0042979	rpsT
KW-0811	secD
KW-0811	secF
KW-0811	tatA
KW-0811	secE
PF13230	glmS
CL:254	dcd
CL:254	pyrG
GO:0102752	glgB
IPR014286	rpoE
GO:0005543	lpxB
GO:0005543	pssA
IPR004565	lolB
IPR019766	lepB
IPR005737	parE
KW-0820	rpsI
KW-0820	rpsG
KW-0820	rplA
GO:0050518	ispD
GO:0033202	dnaG
GO:0033202	dnaB
IPR001127	crr
CL:274	rpoD
CL:274	nusA
GO:0140101	glnS
GO:0140101	serS
GO:0140101	asnS
GO:0140101	tyrS
GO:0140101	gltX
GO:0140101	hisS
GO:0140101	lysS
GO:0140101	trpS
GO:0140101	rnpA
GO:0008932	rlpA
GO:0008932	slt
GO:0006268	dnaG
GO:0006268	dnaB
GO:0044815	mukB
GO:0044815	dnaG
GO:0044815	dnaB
GO:0071616	accB
GO:0071616	accC
IPR013025	rplW
KW-0092	accB
KW-0092	accC
GO:0009185	gapA
GO:0009185	nrdA
GO:0009185	gmk
IPR001940	degP
IPR001940	degS
IPR036986	tyrS
IPR001460	mrcB
IPR001460	mrdA
GO:0042276	dnaN
IPR006312	tatA
KW-0375	atpG
GO:0004345	zwf
IPR036823	rpsG
GO:0002020	clpX
GO:0008299	ispH
GO:0008299	ispG
GO:0008299	ispD
GO:0016114	ispH
GO:0016114	ispG
GO:0016114	ispD
KW-0276	fabH
KW-0276	fabG
KW-0276	fabF
KW-0276	accB
KW-0276	accC
IPR022671	rplB
KW-0670	psd
IPR042128	nuoE
GO:0008933	rlpA
GO:0008933	slt
GO:0006434	serS
GO:0046490	ispH
GO:0046490	ispG
GO:0046490	ispD
IPR014163	tolQ
GO:0008658	mrcB
GO:0008658	mrdA
IPR003369	tatA
KW-0441	lpxC
KW-0441	fabZ
KW-0441	lpxA
KW-0441	lpxB
GO:0071218	degS
GO:0140513	dnaE
GO:0140513	dnaX
GO:0140513	nusA
GO:0140513	nusG
GO:0140513	holD
GO:0008780	lpxA
CL:3939	minE
CL:3939	minD
CL:3939	minC
IPR014168	tolR
CL:819	dnaG
CL:819	dnaB
GO:0042304	accC
GO:0036386	hupB
GO:0036386	hupA
GO:0009368	clpP
GO:0009368	clpX
GO:0009206	atpG
GO:0010446	nhaA
IPR031157	fusA
IPR031157	prfC
GO:0015949	cmk
GO:0015949	tmk
GO:0015949	dcd
GO:0015949	nrdA
CL:2273	fabZ
CL:2273	fabH
CL:2273	fabG
CL:2273	fabF
CL:2273	accB
CL:2273	accC
GO:0006449	prfC
CL:5282	glmM
CL:5282	glmS
GO:0060589	tsf
SM00363	tyrS
IPR036899	rplM
IPR047050	nusG
KW-0945	clpX
GO:0006269	dnaG
GO:0006269	dnaB
IPR026574	mzrA
PF02355	secF
GO:0071103	ftsK
GO:0071103	gyrA
GO:0071103	parE
GO:0071103	dnaG
GO:0071103	gyrB
GO:0071103	dnaB
CL:690	dnaE
CL:690	dnaX
CL:690	seqA
CL:690	gyrA
CL:690	hda
CL:690	parE
CL:690	dnaG
CL:690	gyrB
CL:690	dnaN
CL:690	lexA
CL:690	dnaB
CL:690	holD
GO:0103117	lpxC
IPR002942	tyrS
GO:0009080	hinT
PF12084	ygbE
KW-0443	lpxC
KW-0443	fabZ
KW-0443	lpxA
KW-0443	lpxB
KW-0443	ybgC
KW-0443	fabH
KW-0443	fabG
KW-0443	fabF
KW-0443	pssA
KW-0443	accB
KW-0443	accC
KW-0443	psd
GO:2000765	rpsA
IPR014167	tolB
GO:0006425	glnS
GO:0015252	atpG
GO:0061783	rlpA
GO:0061783	slt
CL:3526	lpxC
CL:3526	lpxA
CL:3526	lpxB
IPR041931	dnaE
GO:0001072	cspE
GO:0001072	cspC
GO:0061985	crp
IPR034149	topA
GO:0016725	ispH
GO:0016725	nrdA
GO:0016725	ispG
IPR029046	lolB
CL:1758	folA
CL:1758	folE
CL:1758	folC
CL:1758	thyA
GO:0051052	seqA
GO:0051052	gyrA
GO:0051052	hda
GO:0051052	dnaN
IPR036185	dnaB
PF03603	holD
IPR006171	parE
IPR006171	dnaG
IPR006171	gyrB
IPR038430	nuoA
GO:0070181	rpsT
GO:0070181	rpsO
IPR039425	rpoE
IPR004161	fusA
IPR004161	prfC
IPR042189	rpoD
GO:0019682	ispH
GO:0019682	ispG
GO:0019682	ispD
KW-0240	dnaG
CL:3521	lpxC
CL:3521	lpxA
CL:3521	lpxB
IPR039001	pal
GOCC:0005694	mukB
GOCC:0005694	hda
GOCC:0005694	dnaG
GOCC:0005694	dnaN
GOCC:0005694	dnaB
GOCC:0036406	lolB
GO:0009129	dcd
GO:0009129	upp
GO:0009129	thyA
GO:0003856	aroB
GO:0051453	nhaA
GO:0046654	folA
GO:0046654	folE
GO:0046654	folC
GO:0051049	proQ
GO:0051049	gatA
GO:0051049	crr
GO:0007231	proQ
GO:0046078	dcd
GO:0055130	hinT
GO:0031297	dnaG
GO:0031297	dnaB
IPR005225	infB
IPR005225	fusA
IPR005225	prfC
IPR005139	prfB
GO:0006430	lysS
IPR036789	rplF
IPR004365	asnS
IPR004365	lysS
IPR018393	nuoL
KW-0639	dnaG
KW-0639	dnaB
GO:0050993	ispH
GO:0019402	gatA
IPR041489	rseP
GO:0008878	glgC
GO:1990078	hda
GO:1990078	dnaN
KW-0114	crp
GO:0046961	atpG
PF13291	spoT
IPR006200	lexA
GO:0004765	aroK
GO:0030551	pnp
GO:0030551	crp
GO:0003882	pssA
KW-0139	atpG
GO:0003727	cspE
GO:0003727	rpsA
GO:0003727	proQ
CL:3077	igaA
CL:3077	envZ
CL:3077	ompR
CL:3077	cpxR
CL:3077	arcA
CL:3077	cpxP
PF01336	asnS
PF01336	lysS
GO:0052875	fre
GO:0072330	fabZ
GO:0072330	fabH
GO:0072330	fabG
GO:0072330	fabF
GO:0072330	accB
GO:0072330	accC
IPR032818	yabI
IPR032818	yqjA
GO:0043530	hinT
CL:689	dnaE
CL:689	dnaX
CL:689	seqA
CL:689	ihfB
CL:689	ihfA
CL:689	gyrA
CL:689	hda
CL:689	parE
CL:689	dnaG
CL:689	gyrB
CL:689	dnaN
CL:689	lexA
CL:689	dnaB
CL:689	holD
GO:0009142	tmk
GO:0009142	dcd
GO:0009142	pyrG
GO:0009142	thyA
GO:1902280	rne
CL:39	rpsT
CL:39	dksA
CL:39	tsf
CL:39	nusB
CL:39	infA
CL:39	rpsA
CL:39	infC
CL:39	rimM
CL:39	rpsP
CL:39	rpoS
CL:39	prfB
CL:39	rpsO
CL:39	infB
CL:39	rpsI
CL:39	rplM
CL:39	rpmD
CL:39	rpsE
CL:39	rplR
CL:39	rplF
CL:39	rpsN
CL:39	rplX
CL:39	rplN
CL:39	rpmC
CL:39	rplB
CL:39	rplW
CL:39	fusA
CL:39	rpsG
CL:39	atpG
CL:39	rplA
CL:39	prfC
GO:0005085	tsf
GO:0071475	proQ
GO:0043933	rpsT
GO:0043933	rpsA
GO:0043933	rimM
GO:0043933	rpsP
GO:0043933	grpE
GO:0043933	prfB
GO:0043933	rpsO
GO:0043933	rpmD
GO:0043933	rpsE
GO:0043933	rplF
GO:0043933	rpsN
GO:0043933	rplX
GO:0043933	rpmC
GO:0043933	rplB
GO:0043933	rplW
GO:0043933	rpsG
GO:0043933	ubiD
GO:0043933	rplA
GO:0043933	prfC
IPR025669	minD
GO:0000049	gltX
GO:0000049	lysS
GO:0000049	rpsI
GO:0000049	rpsG
GO:0000049	rnpA
GO:0000049	rplA
GO:0003688	seqA
IPR017932	glmS
GO:0006415	prfB
GO:0006415	prfC
KW-0130	cpxR
GO:0072599	ffh
GO:0072599	ftsY
GO:0072599	secE
KW-0865	clpP
KW-0865	psd
IPR006048	glgB
IPR007435	yigA
GO:0004309	umpG
GO:0004140	coaE
PF02687	ftsX
IPR036147	rseA
IPR011605	nusB
GO:0032984	prfB
GO:0032984	prfC
KW-0717	minD
KW-0717	minC
KW-0717	zapA
KW-0717	ftsN
GO:0046077	tmk
GO:0098562	rne
GO:0098562	minD
GO:0098562	ftsE
GO:0009396	folA
GO:0009396	folE
GO:0009396	folC
IPR036908	rlpA
GO:0046710	gmk
GO:0030337	dnaX
GO:0016260	serS
IPR012340	cspE
IPR012340	infA
IPR012340	rpsA
IPR012340	asnS
IPR012340	cspC
IPR012340	lysS
IPR012340	pnp
IPR012340	rplB
GO:0030641	nhaA
IPR037187	dksA
CL:3276	gadE
GO:0019303	rbsK
IPR009060	tsf
GO:0043413	glmS
GO:0043531	hda
CL:2114	gapA
IPR013249	rpoE
IPR004734	emrD
IPR008939	slt
IPR036853	rplN
CL:2272	fabZ
CL:2272	fabH
CL:2272	fabG
CL:2272	fabF
CL:2272	accB
CL:2272	accC
IPR000640	fusA
IPR015854	ftsE
GOCC:0030894	hda
GOCC:0030894	dnaG
GOCC:0030894	dnaN
GOCC:0030894	dnaB
GO:0065003	rpsT
GO:0065003	rpsA
GO:0065003	rimM
GO:0065003	rpsP
GO:0065003	grpE
GO:0065003	rpsO
GO:0065003	rpmD
GO:0065003	rpsE
GO:0065003	rplF
GO:0065003	rpsN
GO:0065003	rplX
GO:0065003	rpmC
GO:0065003	rplB
GO:0065003	rplW
GO:0065003	rpsG
GO:0065003	ubiD
GO:0065003	rplA
GO:0090584	gatA
GO:0009123	cmk
GO:0009123	tmk
GO:0009123	dcd
GO:0009123	upp
GO:0009123	guaA
GO:0009123	thyA
GO:0009123	gmk
GO:0060090	nlpI
IPR023036	rpsN
GO:1990145	tsaB
GO:1990145	tsaD
GO:1990145	rpsE
GOCC:0005657	hda
GOCC:0005657	dnaG
GOCC:0005657	dnaN
GOCC:0005657	dnaB
GO:0016776	cmk
GO:0016776	tmk
GO:0016776	gmk
IPR024692	ptsI
GO:0030259	murG
CL:2673	ispH
CL:2673	ispG
CL:2673	ispD
KW-0121	mrcB
KW-0121	mrdA
PF00196	gadE
PF00009	fusA
PF00009	prfC
GO:0006556	metK
KW-0665	pyrG
GO:0044729	seqA
KW-0488	infC
KW-0488	prfB
CL:847	gyrA
CL:847	parE
CL:847	gyrB
KW-0251	tsf
KW-0251	fusA
IPR036919	rpmD
GO:1990451	rcsB
GO:1990451	gadE
GO:1990588	ftsB
GO:0032049	pssA
GO:0008094	ftsK
GO:0008094	gyrA
GO:0008094	parE
GO:0008094	gyrB
GO:0008094	dnaB
GO:0005980	glgP
GO:0005980	glgX
IPR008921	dnaX
GO:0004316	fabG
IPR004394	rsfS
GO:0032879	proQ
GO:0032879	gatA
GO:0032879	crr
GO:0016884	guaA
CL:1057	degP
CL:1057	rseP
CL:1057	ybgC
CL:1057	tolQ
CL:1057	tolR
CL:1057	tolA
CL:1057	tolB
CL:1057	pal
CL:1057	lolB
CL:1057	ompC
CL:1057	rpoE
CL:1057	degS
GO:0004075	accC
GO:0043231	dnaE
GO:0043231	dnaX
GO:0043231	nusA
GO:0043231	nusG
GO:0043231	holD
GO:0008685	ispF
GO:0071310	tolA
GO:0071310	tolB
GO:0071310	degS
GO:0032508	ftsK
GO:0032508	dnaG
GO:0032508	dnaB
GO:1901264	ftsW
GO:1901264	mrdB
CL:3936	minE
CL:3936	minD
CL:3936	minC
IPR022496	tsaB
KW-0686	ribE
KW-0686	ribA
GO:0010385	seqA
IPR036145	minC
KW-0799	gyrA
KW-0799	parE
KW-0799	gyrB
CL:3467	wzyE
GO:0009253	slt
GO:0071433	mrcB
GO:0048500	ffh
IPR008258	slt
GO:0019180	wecE
IPR022919	htpX
GO:0065002	secD
GO:0065002	secF
GO:0065002	tatA
GO:0065002	secE
GO:0097747	dnaG
GO:0050484	umpG
IPR001347	glmS
CL:2571	tatA
GO:0031555	mgtL
IPR016039	fabH
IPR016039	fabF
GO:0004645	glgP
GO:1903231	rpsO
IPR029062	guaA
IPR029062	pyrG
IPR045834	mepM
GO:0006073	glgP
GO:0006073	glgA
GO:0006073	glgC
GO:0006073	glgX
GO:0006073	glgB
GO:0006273	dnaE
GO:0003725	proQ
GO:0030060	mdh
IPR013498	topA
GO:0034763	crr
KW-0159	ftsK
KW-0159	mukB
CL:1096	rseP
CL:1096	rpoE
CL:1096	degS
PF05170	asmA
GO:0042559	folA
GO:0042559	folE
GO:0042559	folC
GO:0008320	secD
GO:0008320	secF
GO:0008320	tatA
GO:0008320	secE
GO:0010467	rpsT
GO:0010467	tsf
GO:0010467	nusB
GO:0010467	hupB
GO:0010467	glnS
GO:0010467	infA
GO:0010467	serS
GO:0010467	rpsA
GO:0010467	asnS
GO:0010467	tyrS
GO:0010467	infC
GO:0010467	tsaB
GO:0010467	rcsB
GO:0010467	gltX
GO:0010467	hisS
GO:0010467	rimM
GO:0010467	rpsP
GO:0010467	mprA
GO:0010467	rpoS
GO:0010467	lysS
GO:0010467	prfB
GO:0010467	tsaD
GO:0010467	pnp
GO:0010467	rpsO
GO:0010467	infB
GO:0010467	rpsI
GO:0010467	rplM
GO:0010467	rpmD
GO:0010467	rpsE
GO:0010467	rplR
GO:0010467	rplF
GO:0010467	rpsN
GO:0010467	rplX
GO:0010467	rplN
GO:0010467	rpmC
GO:0010467	rplB
GO:0010467	rplW
GO:0010467	fusA
GO:0010467	rpsG
GO:0010467	crp
GO:0010467	trpS
GO:0010467	gadX
GO:0010467	rnpA
GO:0010467	rplA
GO:0010467	hupA
GO:0010467	prfC
GO:0046116	folE
IPR046348	glmS
GO:0046493	lpxC
GO:0046493	fabZ
GO:0046493	lpxA
GO:0046493	lpxB
GO:0009220	upp
GO:0009220	pyrG
GO:0030674	nlpI
IPR045085	dnaX
GO:0032185	zapA
IPR035466	glmS
GO:0055067	nhaA
IPR016476	ygiM
GO:0043227	dnaE
GO:0043227	dnaX
GO:0043227	nusA
GO:0043227	nusG
GO:0043227	holD
PF10531	nuoF
IPR006424	gapA
IPR034718	rlpA
IPR028364	rplA
GO:0061024	secD
GO:0061024	secF
GO:0061024	secE
CL:2271	fabZ
CL:2271	fabH
CL:2271	fabG
CL:2271	fabF
CL:2271	accB
CL:2271	accC
GO:0032978	secD
GO:0032978	secF
GO:0032978	secE
GO:1901271	lpxC
GO:1901271	fabZ
GO:1901271	lpxA
GO:1901271	lpxB
CL:1760	folA
CL:1760	thyA
GO:0045261	atpG
IPR035968	atpG
GO:0019829	atpG
GO:0019829	mgtA
CL:1774	folE
CL:1774	folC
GO:0003729	rpsA
GO:0003729	proQ
GO:0003729	rpsO
GO:0003729	rplM
GO:0003729	rpsG
IPR036555	nusA
GO:0006265	gyrA
GO:0006265	parE
GO:0006265	gyrB
GO:1902344	crr
IPR038483	ycfL
IPR009491	ytfK
IPR043133	folE
CL:2461	pssA
CL:2461	psd
CL:988	slt
IPR006690	pal
IPR037225	nuoF
GO:0031670	crp
PF13984	msyB
GO:0044042	glgP
GO:0044042	glgA
GO:0044042	glgC
GO:0044042	glgX
GO:0044042	glgB
IPR005479	accC
GO:0017171	mrcB
GO:0017171	degP
GO:0017171	clpP
GO:0017171	mrdA
GO:0017171	lepB
GO:0017171	degS
GO:0017171	lexA
IPR014161	tolA
IPR009003	degP
IPR009003	degS
GO:0006427	hisS
GO:0070874	csrA
GO:0007059	ftsK
GO:0007059	mukB
GO:0007059	minD
GO:0007059	parE
GO:0004450	icd
GO:0072527	cmk
GO:0072527	tmk
GO:0072527	dcd
GO:0072527	upp
GO:0072527	pyrG
GO:0072527	thyA
IPR006197	lexA
IPR002114	ptsH
GO:0140032	tsaD
GO:0099116	rnpA
GO:0019068	groS
IPR018086	nuoH
IPR025194	rodZ
IPR014166	ybgC
GO:0031556	mgtL
GO:0010608	tsf
GO:0010608	infA
GO:0010608	rpsA
GO:0010608	infC
GO:0010608	proQ
GO:0010608	prfB
GO:0010608	rpsO
GO:0010608	infB
GO:0010608	rplM
GO:0010608	fusA
GO:0010608	rpsG
GO:0010608	rplA
GO:0010608	prfC
GO:0052652	cyaA
GO:1990097	seqA
GO:0010212	yabI
GO:0010212	mrcB
GO:0010212	cmk
GO:0010212	dnaB
GO:0060187	minD
GO:0060187	minC
GO:0072657	secD
GO:0072657	secF
GO:0072657	lolB
GO:0072657	ffh
GO:0072657	ftsY
GO:0072657	secE
CL:1056	degP
CL:1056	rseP
CL:1056	ybgC
CL:1056	tolQ
CL:1056	tolR
CL:1056	tolA
CL:1056	tolB
CL:1056	pal
CL:1056	lolB
CL:1056	lapA
CL:1056	ompC
CL:1056	rpoE
CL:1056	zapA
CL:1056	degS
GO:0019985	dnaN
IPR019307	rne
GO:0046500	metK
GO:0046107	upp
IPR001478	degP
IPR001478	rseP
IPR001478	degS
GO:0035967	degS
IPR037124	groS
GO:0016987	rpoE
GO:0016987	rpoD
IPR023406	topA
GO:0034552	sdhE
GO:0008301	crp
GO:0052592	ispG
GO:0019856	upp
GO:0019856	pyrG
CL:2323	fabZ
CL:2323	fabG
GO:0006436	trpS
IPR003838	ftsX
GOCC:0043232	rpsT
GOCC:0043232	hupB
GOCC:0043232	rpsA
GOCC:0043232	rpsP
GOCC:0043232	rpsO
GOCC:0043232	rpsI
GOCC:0043232	rplM
GOCC:0043232	rpmD
GOCC:0043232	rpsE
GOCC:0043232	rplR
GOCC:0043232	rplF
GOCC:0043232	rpsN
GOCC:0043232	rplX
GOCC:0043232	rplN
GOCC:0043232	rpmC
GOCC:0043232	rplB
GOCC:0043232	rplW
GOCC:0043232	rpsG
GOCC:0043232	rplA
GOCC:0043232	hupA
IPR005791	secD
GO:0006399	glnS
GO:0006399	serS
GO:0006399	asnS
GO:0006399	tyrS
GO:0006399	tsaB
GO:0006399	gltX
GO:0006399	hisS
GO:0006399	lysS
GO:0006399	tsaD
GO:0006399	trpS
GO:0006399	rnpA
GO:0120233	ubiD
GO:0003935	ribA
IPR011129	cspE
IPR011129	cspC
GO:0008915	lpxB
GO:0043952	secD
GO:0043952	secF
GO:0043952	secE
GO:0008966	glmM
GO:0004252	degP
GO:0004252	clpP
GO:0004252	lepB
GO:0004252	degS
GO:0004252	lexA
GO:0016849	ispF
GO:0016849	cyaA
IPR023081	ftsB
IPR036551	dfp
CL:3520	lpxC
CL:3520	lpxA
CL:3520	lpxB
GO:0042727	ribE
GO:0042727	ribA
GO:0009141	tmk
GO:0009141	gapA
GO:0009141	dcd
GO:0009141	pyrG
GO:0009141	thyA
GO:0090150	secD
GO:0090150	secF
GO:0090150	ffh
GO:0090150	ftsY
GO:0090150	secE
CL:3523	lpxC
CL:3523	lpxA
CL:3523	lpxB
GO:0046165	folE
GO:0045005	dnaG
GO:0045005	dnaB
GO:0004135	glgX
SM00357	cspE
SM00357	cspC
GO:0070875	ptsH
IPR036765	zipA
IPR006047	glgX
IPR006047	glgB
GOCC:0043231	dnaE
GOCC:0043231	dnaX
GOCC:0043231	nusA
GOCC:0043231	nusG
IPR016367	lpp
CL:4496	lsrC
GO:0051051	crr
GOCC:0044815	mukB
GOCC:0044815	dnaB
GO:0008654	ispH
GO:0008654	lpxC
GO:0008654	fabZ
GO:0008654	lpxA
GO:0008654	lpxB
GO:0008654	ispG
GO:0008654	pssA
GO:0008654	ispD
GO:0008654	psd
GO:0006352	rpoE
GO:0006352	rpoD
GO:0006631	fabZ
GO:0006631	fabH
GO:0006631	fabG
GO:0006631	fabF
GO:0006631	accB
GO:0006631	accC
IPR010771	igaA
IPR001882	accB
GO:0018160	hemC
KW-0548	dnaE
KW-0548	dnaX
KW-0548	ispD
KW-0548	dnaG
KW-0548	dnaN
KW-0548	holD
CL:5258	glmM
CL:5258	glmS
GO:0031427	folA
IPR022310	guaA
GO:0034248	tsf
GO:0034248	infA
GO:0034248	rpsA
GO:0034248	infC
GO:0034248	prfB
GO:0034248	rpsO
GO:0034248	infB
GO:0034248	rplM
GO:0034248	fusA
GO:0034248	rpsG
GO:0034248	rplA
GO:0034248	prfC
GO:0003922	guaA
GO:0004818	gltX
GO:0006417	tsf
GO:0006417	infA
GO:0006417	rpsA
GO:0006417	infC
GO:0006417	prfB
GO:0006417	rpsO
GO:0006417	infB
GO:0006417	rplM
GO:0006417	fusA
GO:0006417	rpsG
GO:0006417	rplA
GO:0006417	prfC
GO:0006026	slt
GO:0009276	ftsX
CL:1908	ribE
CL:1908	ribA
CL:1908	fre
GO:0140272	ompC
IPR045853	prfB
GO:0034660	glnS
GO:0034660	serS
GO:0034660	asnS
GO:0034660	tyrS
GO:0034660	tsaB
GO:0034660	gltX
GO:0034660	hisS
GO:0034660	rimM
GO:0034660	lysS
GO:0034660	tsaD
GO:0034660	trpS
GO:0034660	rnpA
GO:0034660	rplA
GO:2000112	tsf
GO:2000112	infA
GO:2000112	rpsA
GO:2000112	infC
GO:2000112	prfB
GO:2000112	rpsO
GO:2000112	infB
GO:2000112	rplM
GO:2000112	fusA
GO:2000112	rpsG
GO:2000112	rplA
GO:2000112	prfC
GO:0070567	ispD
GOCC:0098562	minD
GOCC:0098562	ftsE
GO:0006644	ispH
GO:0006644	lpxC
GO:0006644	fabZ
GO:0006644	lpxA
GO:0006644	lpxB
GO:0006644	ispG
GO:0006644	pssA
GO:0006644	ispD
GO:0006644	psd
IPR045462	gltX
GO:0051782	minD
GO:0016540	psd
IPR042501	mukB
GO:0036431	cmk
IPR007335	maoP
IPR013780	glgX
IPR013780	glgB
GO:0004175	degP
GO:0004175	rseP
GO:0004175	clpP
GO:0004175	mepM
GO:0004175	mepS
GO:0004175	lepB
GO:0004175	nlpD
GO:0004175	degS
GO:0004175	envC
GO:0004175	lexA
IPR014756	glgX
IPR014756	glgB
GO:0062014	accC
PF02824	spoT
GO:0022904	nuoN
GO:0022904	nuoM
GO:0022904	nuoL
GO:0022904	nuoK
GO:0022904	nuoJ
GO:0022904	nuoI
GO:0022904	nuoH
GO:0022904	nuoG
GO:0022904	nuoF
GO:0022904	nuoE
GO:0022904	nuoC
GO:0022904	nuoB
GO:0022904	nuoA
GO:0010677	csrA
GO:0031331	ptsH
CL:5323	pgm
CL:5323	glgP
CL:5323	glgA
CL:5323	glgC
CL:5323	glgX
CL:5323	glgB
GO:0004857	rpsT
GO:0004857	ptsH
GO:0004614	pgm
IPR023062	nuoC
IPR005685	ihfB
GO:1990077	dnaG
GO:1990077	dnaB
IPR043504	degS
GOCC:0036405	lolB
CL:225	secD
CL:225	secF
GO:0033293	mrcB
GO:0033293	mrdA
GO:0008837	dapF
CL:1532	aroB
CL:1532	aroK
IPR010084	fabZ
GO:0009896	ptsH
IPR023187	mprA
GO:0009250	glgA
GO:0009250	glgC
GO:0009250	glgB
GO:1905267	rnpA
CL:3076	igaA
CL:3076	envZ
CL:3076	ompR
CL:3076	cpxR
CL:3076	arcA
CL:3076	cpxP
CL:2801	nhaA
IPR016195	dnaE
IPR012677	rplW
GO:0051276	ftsK
GO:0051276	mukB
GO:0051276	gyrA
GO:0051276	parE
GO:0051276	dnaG
GO:0051276	gyrB
GO:0051276	dnaB
GOCC:0043227	dnaE
GOCC:0043227	dnaX
GOCC:0043227	nusA
GOCC:0043227	nusG
GO:0043471	ptsH
IPR036034	degP
IPR036034	rseP
IPR036034	degS
GO:0034654	dnaE
GO:0034654	dnaX
GO:0034654	cmk
GO:0034654	ihfB
GO:0034654	tmk
GO:0034654	dicA
GO:0034654	mlc
GO:0034654	ihfA
GO:0034654	dcd
GO:0034654	folE
GO:0034654	gyrA
GO:0034654	nrdA
GO:0034654	upp
GO:0034654	guaA
GO:0034654	rpoE
GO:0034654	pyrG
GO:0034654	thyA
GO:0034654	dnaG
GO:0034654	rpoD
GO:0034654	nusA
GO:0034654	glmM
GO:0034654	accB
GO:0034654	accC
GO:0034654	dfp
GO:0034654	gmk
GO:0034654	gyrB
GO:0034654	dnaN
GO:0034654	glmS
GO:0034654	nusG
GO:0034654	lexA
GO:0034654	dnaB
GO:0034654	holD
PF01380	glmS
GO:0036406	lolB
GO:0003680	crp
GO:0090407	ispH
GO:0090407	lpxC
GO:0090407	fabZ
GO:0090407	lpxA
GO:0090407	lpxB
GO:0090407	cmk
GO:0090407	tmk
GO:0090407	dcd
GO:0090407	folE
GO:0090407	nrdA
GO:0090407	upp
GO:0090407	guaA
GO:0090407	ispG
GO:0090407	pssA
GO:0090407	ispD
GO:0090407	pyrG
GO:0090407	thyA
GO:0090407	accB
GO:0090407	accC
GO:0090407	dfp
GO:0090407	gmk
GO:0090407	psd
IPR023298	mgtA
IPR003918	nuoM
GO:0070008	mrcB
GO:0070008	mrdA
GO:0045936	ptsH
CL:538	rne
GO:0003917	topA
GO:0104004	proQ
GO:0104004	rcsB
GO:0104004	gadE
IPR039261	fre
GO:1905369	clpP
GO:1905369	clpX
GO:0140666	proQ
IPR000653	wecE
IPR001736	pssA
GO:0016726	ispH
GO:0042157	lolB
GO:1990099	dnaB
GO:0140318	secD
GO:0140318	secF
GO:0140318	tatA
GO:0140318	secE
CL:1383	nrdA
IPR014284	rpoE
IPR014284	rpoD
GOCC:0043228	rpsT
GOCC:0043228	hupB
GOCC:0043228	rpsA
GOCC:0043228	rpsP
GOCC:0043228	rpsO
GOCC:0043228	rpsI
GOCC:0043228	rplM
GOCC:0043228	rpmD
GOCC:0043228	rpsE
GOCC:0043228	rplR
GOCC:0043228	rplF
GOCC:0043228	rpsN
GOCC:0043228	rplX
GOCC:0043228	rplN
GOCC:0043228	rpmC
GOCC:0043228	rplB
GOCC:0043228	rplW
GOCC:0043228	rpsG
GOCC:0043228	rplA
GOCC:0043228	hupA
GO:0010962	csrA
KW-1278	nuoN
KW-1278	nuoM
KW-1278	nuoL
KW-1278	nuoK
KW-1278	nuoJ
KW-1278	nuoI
KW-1278	nuoH
KW-1278	nuoG
KW-1278	nuoF
KW-1278	nuoE
KW-1278	nuoC
KW-1278	nuoB
KW-1278	nuoA
KW-1278	mgtA
GO:0070717	cspE
GO:0031522	secD
GO:0031522	secF
GO:0031522	secE
GO:0003730	proQ
IPR011761	accC
GO:1903966	fabF
GO:0051649	secD
GO:0051649	secF
GO:0051649	ffh
GO:0051649	ftsY
GO:0051649	tatA
GO:0051649	secE
CL:2111	gapA
CL:2111	zwf
GO:0009226	glmM
GO:0009226	glmS
GO:0003678	ftsK
GO:0003678	dnaB
GO:0031437	csrA
GO:1901505	ftsW
GO:1901505	mrdB
GO:0003746	tsf
GO:0003746	fusA
GO:0006090	ispH
GO:0006090	gapA
GO:0006090	ispG
GO:0006090	ispD
GOCC:0031225	lolB
IPR019844	cspE
IPR019844	cspC
CL:3270	slp
CL:3270	gadE
CL:3270	gadX
GO:0032412	gatA
GO:0015031	secD
GO:0015031	secF
GO:0015031	tolQ
GO:0015031	tolR
GO:0015031	tolA
GO:0015031	tolB
GO:0015031	lolB
GO:0015031	ffh
GO:0015031	ftsY
GO:0015031	tatA
GO:0015031	secE
CL:2270	fabZ
CL:2270	fabH
CL:2270	fabG
CL:2270	fabF
CL:2270	accB
CL:2270	accC
GO:0062013	ptsH
CL:2638	ispH
CL:2638	ispG
CL:2638	ispD
GO:0032045	tsf
GO:0006059	gatA
CL:5156	gatA
CL:2602	hemC
GO:0000470	rplA
GO:0090503	pnp
GO:0019438	folA
GO:0019438	dnaE
GO:0019438	dnaX
GO:0019438	cmk
GO:0019438	ihfB
GO:0019438	tmk
GO:0019438	dicA
GO:0019438	mlc
GO:0019438	ihfA
GO:0019438	dcd
GO:0019438	folE
GO:0019438	gyrA
GO:0019438	nrdA
GO:0019438	folC
GO:0019438	upp
GO:0019438	guaA
GO:0019438	rpoE
GO:0019438	pyrG
GO:0019438	thyA
GO:0019438	dnaG
GO:0019438	rpoD
GO:0019438	nusA
GO:0019438	glmM
GO:0019438	accB
GO:0019438	accC
GO:0019438	dfp
GO:0019438	gmk
GO:0019438	gyrB
GO:0019438	dnaN
GO:0019438	glmS
GO:0019438	hemC
GO:0019438	nusG
GO:0019438	lexA
GO:0019438	dnaB
GO:0019438	holD
GO:0098813	mukB
GO:0098813	parE
GO:0009124	dcd
GO:0009124	upp
GO:0009124	guaA
GO:0009124	thyA
IPR001433	fre
GO:0106415	mepS
IPR043425	nusG
GO:0031346	rcsB
GOCC:1902495	nuoN
GOCC:1902495	nuoM
GOCC:1902495	nuoL
GOCC:1902495	nuoK
GOCC:1902495	nuoJ
GOCC:1902495	nuoI
GOCC:1902495	nuoH
GOCC:1902495	nuoG
GOCC:1902495	nuoF
GOCC:1902495	nuoE
GOCC:1902495	nuoC
GOCC:1902495	nuoB
GOCC:1902495	nuoA
GOCC:1902495	crr
IPR012676	spoT
IPR011659	tolB
GO:0004180	mrcB
GO:0004180	mrdA
GO:0004180	mepS
GO:1901293	cmk
GO:1901293	tmk
GO:1901293	dcd
GO:1901293	nrdA
GO:1901293	upp
GO:1901293	guaA
GO:1901293	pyrG
GO:1901293	thyA
GO:1901293	accB
GO:1901293	accC
GO:1901293	dfp
GO:1901293	gmk
GO:0046655	folA
GO:0046655	folC
GO:0032026	mgtA
GO:0032026	mgtL
GO:0070402	folA
GO:0009314	yabI
GO:0009314	mrcB
GO:0009314	clpP
GO:0009314	seqA
GO:0009314	cmk
GO:0009314	dcd
GO:0009314	thyA
GO:0009314	envC
GO:0009314	dnaB
GO:0009314	holD
GO:0000731	dnaN
GO:0009179	gapA
GO:0009179	gmk
