q_name	q_seq	q_len	t_locus_tag	t_chromosome	t_seq	diff_len	diff	coord	offset	q_dir	t_dir
AATGGTGATGGTGGTGGTAA	AATGGTGATGGTGGTGGTAA	20	GO593_03160	CP046654.1	AATGGTGATGaTaGTGGTAA	2	a11G,a13G	680534-680554	1310	R	R
GGTGATGGTGGTGGTAATGG	GGTGATGGTGGTGGTAATGG	20	GO593_06255	CP046654.1	GGTGATGGTGaTGGTgATGG	2	a11G,g16A	1326663-1326683	462	R	F
GGTGATGGTGGTGGTAATGG	GGTGATGGTGGTGGTAATGG	20	GO593_06255	CP046654.1	GGTGATGGTGaTGGTgATGG	2	a11G,g16A	1326669-1326689	468	R	F
GGTGATGGTGGTGGTAATGG	GGTGATGGTGGTGGTAATGG	20	GO593_06255	CP046654.1	GGTGATGGTGaTGGTgATGG	2	a11G,g16A	1326657-1326677	456	R	F
TGCGCATCAGTACGCTGGAG	TGCGCATCAGTACGCTGGAG	20	GO593_00485	CP046654.1	TGCGCATCAaTACGCTcGAG	2	a10G,c17G	91700-91720	196	R	R
CACAAGAGTTGGTAGTACCC	CACAAGAGTTGGTAGTACCC	20	GO593_06350	CP046654.1	CACAtGAGTTGGTAGTACCt	2	t5A,t20C	1347540-1347560	25	F	R
GACGTGCAGCTTTGTTTTTG	GACGTGCAGCTTTGTTTTTG	20	GO593_15690	CP046654.1	GACGaGCAGCTTTaTTTTTG	2	a5T,a14G	3275044-3275064	202	F	R
GTGCCGACATTGCCAATATG	GTGCCGACATTGCCAATATG	20	GO593_12065	CP046654.1	GTGCCGACATTGCCAAaAaG	2	a17T,a19T	2525572-2525592	443	F	F
CCTTCAACCTTAGCTTATTC	CCTTCAACCTTAGCTTATTC	20	GO593_06300	CP046654.1	CacTCAACCTTAGCTTATTC	2	a2C,c3T	1335493-1335513	12	R	R
CAGCGCCAGCGACTCCAGAA	CAGCGCCAGCGACTCCAGAA	20	GO593_07215	CP046654.1	aAGCGCCAGCGAgTCCAGAA	2	a1C,g13C	1521295-1521315	266	F	F
CGGCAAATGGTGGTAAAGCC	CGGCAAATGGTGGTAAAGCC	20	GO593_17025	CP046654.1	CGGCAAATGGaGGTAAAGgC	2	a11T,g19C	3567128-3567148	466	F	R
TATCGAAAATAATGACTTGC	TATCGAAAATAATGACTTGC	20	GO593_00435	CP046654.1	TATCtAAAATAATGgCTTGC	2	t5G,g15A	82949-82969	3	R	F
TATCGAAAATAATGACTTGC	TATCGAAAATAATGACTTGC	20	GO593_04385	CP046654.1	TAaCGAAAATAATtACTTGC	2	a3T,t14G	922906-922926	796	R	R
ATAATATTTGACCAAATGTT	ATAATATTTGACCAAATGTT	20	None	CP046654.1	AaAATAcTTGACCAAATGTT	2	a2T,c7T	1933604-1933624	None	F	
CACCCAGCCCTTTAGCGCCG	CACCCAGCCCTTTAGCGCCG	20	GO593_07365	CP046654.1	CACCCAGCaCTTTAcCGCCG	2	a9C,c15G	1547225-1547245	387	R	F
GCTGAATATGGCGGTTTTTA	GCTGAATATGGCGGTTTTTA	20	GO593_08220	CP046654.1	GCTGAATtTGGCGGTgTTTA	2	t8A,g16T	1720950-1720970	1726	F	R
AAAGGCGATAAAACCAGCAA	AAAGGCGATAAAACCAGCAA	20	GO593_18080	CP046654.1	AAAGGtaATAAAACCAGCAA	2	t6C,a7G	3787786-3787806	41	R	F
CGTTAAATCGGCCATATCTT	CGTTAAATCGGCCATATCTT	20	GO593_18100	CP046654.1	tGTTAAATCGGCCATATCTT	1	t1C	3794327-3794347	-6	F	R
TACCGAAGATAATAAAGTAA	TACCGAAGATAATAAAGTAA	20	GO593_18450	CP046654.1	TACCGAAGATAATAAAGcAg	2	c18T,g20A	3873884-3873904	1971	F	R
CGCAAGAACCTTCATAGTGC	CGCAAGAACCTTCATAGTGC	20	GO593_10320	CP046654.1	CaCAAGAACCTTCATAGTGa	2	a2G,a20C	2174613-2174633	58	F	R
AGAGGCCAGATTGCTGCCTA	AGAGGCCAGATTGCTGCCTA	20	GO593_11955	CP046654.1	AGAGGCaAGAaTGCTGCCTA	2	a7C,a11T	2498558-2498578	447	F	R
ATTTTACGCAGTGAGTGTTT	ATTTTACGCAGTGAGTGTTT	20	GO593_14445	CP046654.1	ATTgTACGCAGTGAGTcTTT	2	g4T,c17G	3019278-3019298	1274	R	R
CATTTTCGGGTTCCAGTAAC	CATTTTCGGGTTCCAGTAAC	20	GO593_00870	CP046654.1	CATTTTtGGGTTCCAGaAAC	2	t7C,a17T	143722-143742	66	F	R
CTTTTGCAACGAAGTCAGTC	CTTTTGCAACGAAGTCAGTC	20	GO593_00865	CP046654.1	CTTTaGCAACGAAGTCAGTt	2	a5T,t20C	142663-142683	235	F	R
TTAACACAAAAGCAGATATC	TTAACACAAAAGCAGATATC	20	GO593_00880	CP046654.1	TTAAtgCAAAAGCAGATATC	2	t5C,g6A	146077-146097	1028	F	F
CCGTCGCAATAATCGCAATA	CCGTCGCAATAATCGCAATA	20	GO593_11925	CP046654.1	gCGTCGCAATAATCGCAATg	2	g1C,g20A	2493018-2493038	69	R	F
CGAAGGCACCAATCCATCTC	CGAAGGCACCAATCCATCTC	20	GO593_06145	CP046654.1	CGAAGGCACCAATCCATCTC	0	-	1301746-1301766	1008	F	R
CGAAGGCACCAATCCATCTC	CGAAGGCACCAATCCATCTC	20	GO593_03865	CP046654.1	CGAAGGCACCAATCCATCTC	0	-	828639-828659	1008	F	R
CGAAGGCACCAATCCATCTC	CGAAGGCACCAATCCATCTC	20	GO593_03700	CP046654.1	CGAAGGCACCAATCCATCTC	0	-	796420-796440	1008	F	R
CGAAGGCACCAATCCATCTC	CGAAGGCACCAATCCATCTC	20	GO593_07455	CP046654.1	CGAAGGCACCAATCCATCTC	0	-	1565209-1565229	1010	R	F
CGAAGGCACCAATCCATCTC	CGAAGGCACCAATCCATCTC	20	GO593_09555	CP046654.1	CGAAGGCACCAATCCATCTC	0	-	2014943-2014963	1010	R	F
CGAAGGCACCAATCCATCTC	CGAAGGCACCAATCCATCTC	20	GO593_06390	CP046654.1	CGAAGGCACCAATCCATCTC	0	-	1354827-1354847	1010	R	F
AAGTACCTAAACCAAATGCA	AAGTACCTAAACCAAATGCA	20	GO593_01685	CP046654.1	AAccACCTAAACCAAATGCA	2	c3G,c4T	343759-343779	1083	R	F
ACAGTTTGAGGGACTCTTGC	ACAGTTTGAGGGACTCTTGC	20	GO593_05300	CP046654.1	ACcGTTTGAGGGAaTCTTGC	2	c3A,a14C	1113118-1113138	1119	F	F
TTTTCATGAGTGAATAGTGG	TTTTCATGAGTGAATAGTGG	20	GO593_16650	CP046654.1	TTTTgATGAGTGAATAGTtG	2	g5C,t19G	3482163-3482183	592	F	R
TTTGCCCCTGCGGGATGGTG	TTTGCCCCTGCGGGATGGTG	20	GO593_12205	CP046654.1	TTTGgCCCTtCGGGATGGTG	2	g5C,t10G	2545957-2545977	249	R	F
AAATCATCACGACAATCATA	AAATCATCACGACAATCATA	20	GO593_10905	CP046654.1	AAATCATCACGAgAATaATA	2	g13C,a17C	2292500-2292520	-20	R	R
CAAACAGCACCACCAGTTCA	CAAACAGCACCACCAGTTCA	20	GO593_09135	CP046654.1	CAAACAGCACCACaAGTTCA	1	a14C	1924022-1924042	813	R	R
CGTCCAGTGCTTTGGCAATC	CGTCCAGTGCTTTGGCAATC	20	GO593_01885	CP046654.1	CaTCaAGTGCTTTGGCAATC	2	a2G,a5C	377971-377991	126	R	F
AAGAATGAATATAAGGCCAA	AAGAATGAATATAAGGCCAA	20	GO593_11175	CP046654.1	AAGAtTGAATATAAaGCCAA	2	t5A,a15G	2353397-2353417	557	R	R
TTTCATCATTCATTATTTTT	TTTCATCATTCATTATTTTT	20	GO593_15950	CP046654.1	TTTCAaCATTCATTAgTTTT	2	a6T,g16T	3333269-3333289	1053	R	F
GGGCAATTCAAAGGAGAAAT	GGGCAATTCAAAGGAGAAAT	20	GO593_15085	CP046654.1	GGGCAAcTCAAAaGAGAAAT	2	c7T,a13G	3152749-3152769	145	F	F
CAAGACGAGAACTTCTTACA	CAAGACGAGAACTTCTTACA	20	GO593_05340	CP046654.1	CAAGAaGAGAACTTCTTAaA	2	a6C,a19C	1127909-1127929	289	F	F
AGTTTCGGTAAACTCTCTTT	AGTTTCGGTAAACTCTCTTT	20	GO593_13490	CP046654.1	AGaTTCGtTAAACTCTCTTT	2	a3T,t8G	2802098-2802118	551	R	F
TCAGAGACAATATCGAAAGA	TCAGAGACAATATCGAAAGA	20	GO593_03640	CP046654.1	TCAGAaACAATATCGAAAGA	1	a6G	785555-785575	7	R	F
CCTGTCATCACCATCCAGAA	CCTGTCATCACCATCCAGAA	20	GO593_18605	CP046654.1	CCTGcCATCACCATCCcGAA	2	c5T,c17A	3911107-3911127	100	R	F
AAAAATACGTAAATATTGAC	AAAAATACGTAAATATTGAC	20	None	CP046654.1	AAAAATAaGaAAATATTGAC	2	a8C,a10T	3532765-3532785	None	R	
ACGGGCAGCACGCTCTTTAA	ACGGGCAGCACGCTCTTTAA	20	GO593_15780	CP046654.1	ACGtGCAGCACGtTCTTTAA	2	t4G,t13C	3291897-3291917	155	R	F
GCTGCTTTACTTTGTGCTGC	GCTGCTTTACTTTGTGCTGC	20	GO593_12085	CP046654.1	GCTGtTTTACTTTaTGCTGC	2	t5C,a14G	2529387-2529407	257	F	R
CGTTTCAGGCGCTTCCAGCA	CGTTTCAGGCGCTTCCAGCA	20	GO593_18250	CP046654.1	tGTTTCAGGCGCTaCCAGCA	2	t1C,a14T	3826818-3826838	951	F	R
GTAAACCTAAATCTTCACTC	GTAAACCTAAATCTTCACTC	20	GO593_09475	CP046654.1	tTAAACCTAAAgCTTCACTC	2	t1G,g12T	1996257-1996277	588	R	F
CCATAGTCACAGCGAAACGT	CCATAGTCACAGCGAAACGT	20	GO593_05270	CP046654.1	CCATAGTtACAGCtAAACGT	2	t8C,t14G	1107731-1107751	568	F	R
AGCCATGATTGCTTTCTTCA	AGCCATGATTGCTTTCTTCA	20	GO593_11240	CP046654.1	AGCtATGATTGgTTTCTTCA	2	t4C,g12C	2370849-2370869	1264	F	R
GCCGACTTCGGGCCAACGCC	GCCGACTTCGGGCCAACGCC	20	GO593_16055	CP046654.1	GCCGACTTCGGtCCAACGCt	2	t12G,t20C	3350264-3350284	52	R	F
ACTGTTCAAGAACCTGTTGC	ACTGTTCAAGAACCTGTTGC	20	GO593_02815	CP046654.1	AtTGTTgAAGAACCTGTTGC	2	t2C,g7C	611000-611020	199	F	F
ACTGTTCAAGAACCTGTTGC	ACTGTTCAAGAACCTGTTGC	20	GO593_04780	CP046654.1	ACTGTTCAAcgACCTGTTGC	2	c10G,g11A	1009341-1009361	307	F	R
TTACGCATCGCTGAGTAGAA	TTACGCATCGCTGAGTAGAA	20	GO593_12375	CP046654.1	TTACGCATaGCTcAGTAGAA	2	a9C,c13G	2584860-2584880	1161	R	R
GCTCTATCCAACTGAGCTAA	GCTCTATCCAACTGAGCTAA	20	GO593_09745	CP046654.1	GCTCTATCCAACTGAGCTAc	1	c20A	2052498-2052518	7	R	F
GCTCTATCCAACTGAGCTAA	GCTCTATCCAACTGAGCTAA	20	GO593_03985	CP046654.1	GCTCTATCCAgCTGAGCTAt	2	g11A,t20A	851688-851708	5	F	R
GCTCTATCCAACTGAGCTAA	GCTCTATCCAACTGAGCTAA	20	GO593_04000	CP046654.1	GCTCTATCCAgCTGAGCTAt	2	g11A,t20A	855540-855560	5	F	R
GCTCTATCCAACTGAGCTAA	GCTCTATCCAACTGAGCTAA	20	GO593_04005	CP046654.1	GCTCTATCCAgCTGAGCTAt	2	g11A,t20A	855656-855676	5	F	R
GCTCTATCCAACTGAGCTAA	GCTCTATCCAACTGAGCTAA	20	GO593_06140	CP046654.1	GCTCTAaCCAACTGAGCTAc	2	a7T,c20A	1301151-1301171	5	F	R
GCTCTATCCAACTGAGCTAA	GCTCTATCCAACTGAGCTAA	20	GO593_03860	CP046654.1	GCTCTAaCCAACTGAGCTAc	2	a7T,c20A	828044-828064	5	F	R
GCTCTATCCAACTGAGCTAA	GCTCTATCCAACTGAGCTAA	20	GO593_03695	CP046654.1	GCTCTAaCCAACTGAGCTAc	2	a7T,c20A	795825-795845	5	F	R
GCTCTATCCAACTGAGCTAA	GCTCTATCCAACTGAGCTAA	20	GO593_01230	CP046654.1	GCTCTAaCCAACTGAGCTAt	2	a7T,t20A	236027-236047	5	F	R
GCTCTATCCAACTGAGCTAA	GCTCTATCCAACTGAGCTAA	20	GO593_10425	CP046654.1	GCTCTAaCCAACTGAGCTAc	2	a7T,c20A	2189446-2189466	7	R	F
GCTCTATCCAACTGAGCTAA	GCTCTATCCAACTGAGCTAA	20	GO593_07460	CP046654.1	GCTCTAaCCAACTGAGCTAc	2	a7T,c20A	1565804-1565824	7	R	F
GCTCTATCCAACTGAGCTAA	GCTCTATCCAACTGAGCTAA	20	GO593_09560	CP046654.1	GCTCTAaCCAACTGAGCTAc	2	a7T,c20A	2015538-2015558	7	R	F
GCTCTATCCAACTGAGCTAA	GCTCTATCCAACTGAGCTAA	20	GO593_06395	CP046654.1	GCTCTAaCCAACTGAGCTAc	2	a7T,c20A	1355422-1355442	7	R	F
GCTCTATCCAACTGAGCTAA	GCTCTATCCAACTGAGCTAA	20	GO593_10470	CP046654.1	GCTCTAaCCAACTGAGCTAc	2	a7T,c20A	2199600-2199620	7	R	F
GCTCTATCCAACTGAGCTAA	GCTCTATCCAACTGAGCTAA	20	GO593_00445	CP046654.1	aCTCTATCCAACTGAGCTAc	2	a1G,c20A	84519-84539	7	R	F
GATGATGTTACGGTTGATGT	GATGATGTTACGGTTGATGT	20	GO593_12080	CP046654.1	GATGATGTTAatGTTGATGT	2	a11C,t12G	2529262-2529282	325	F	F
ACGGGTCCATTGCAAAACAA	ACGGGTCCATTGCAAAACAA	20	GO593_01075	CP046654.1	ACtGGTCCATTGCAgAACAA	2	t3G,g15A	197054-197074	90	R	R
CGAATAATCCATTCAATCAT	CGAATAATCCATTCAATCAT	20	GO593_13380	CP046654.1	CGAATAATCCATTCAgcCAT	2	g16A,c17T	2777416-2777436	49	R	F
ATAAACAGCAGCGATCCGTC	ATAAACAGCAGCGATCCGTC	20	None	CP046654.1	ATAAACAGaAGCGATCCGTg	2	a9C,g20C	2074331-2074351	None	R	
GTTTTTAAAAGGTTTAATTT	GTTTTTAAAAGGTTTAATTT	20	None	CP046654.1	GTTTTTAAAAcGTTTAtTTT	2	c11G,t17A	858514-858534	None	F	
ATACGAAAGTAAAGTCAGCC	ATACGAAAGTAAAGTCAGCC	20	GO593_13055	CP046654.1	ATACGAAAGTgAAGTCAGCa	2	g11A,a20C	2724220-2724240	118	F	R
CAAGCTGTTATCTTCTTTAA	CAAGCTGTTATCTTCTTTAA	20	GO593_00805	CP046654.1	CAtGCTGgTATCTTCTTTAA	2	t3A,g8T	132646-132666	641	R	F
CAATAACCACAACCCCAATA	CAATAACCACAACCCCAATA	20	GO593_02070	CP046654.1	CAATAACCACgACCaCAATA	2	g11A,a15C	420305-420325	159	R	F
GATTAACTGAATAAAAACAA	GATTAACTGAATAAAAACAA	20	GO593_08660	CP046654.1	GATTAACTGAATAgAAACcA	2	g14A,c19A	1825427-1825447	343	F	R
AAATTCGCCAGCGTTTCCAC	AAATTCGCCAGCGTTTCCAC	20	GO593_18785	CP046654.1	AAATaCGCCAGCGTTgCCAC	2	a5T,g16T	3945719-3945739	940	F	R
AGCGAGCAAGATAAGCCTGG	AGCGAGCAAGATAAGCCTGG	20	GO593_01180	CP046654.1	AGCGAGCAAGATAAGCaTGc	2	a17C,c20G	223848-223868	1191	R	F
GCGGCGCCAGAACCTAAATC	GCGGCGCCAGAACCTAAATC	20	GO593_00080	CP046654.1	GCGGCGCtgGAACCTAAATC	2	t8C,g9A	12342-12362	29	F	R
GCGGCGCCAGAACCTAAATC	GCGGCGCCAGAACCTAAATC	20	GO593_00090	CP046654.1	GCGGCGCtgGAACCTAAATC	2	t8C,g9A	12584-12604	29	F	R
CACCTGTAATTGATAAAGTG	CACCTGTAATTGATAAAGTG	20	GO593_07800	CP046654.1	CACCTGTAATTaATAAAGTt	2	a12G,t20G	1638993-1639013	624	R	F
CCAGTACGGTGGTCAGCAGC	CCAGTACGGTGGTCAGCAGC	20	GO593_02535	CP046654.1	CCAGTACGGTcGgCAGCAGC	2	c11G,g13T	555150-555170	434	F	R
CCAGGTTATCCGCTGCACGG	CCAGGTTATCCGCTGCACGG	20	GO593_02470	CP046654.1	CaAGGTTATCCGCTGCACGa	2	a2C,a20G	524933-524953	14080	F	R
TTAATAATGAAATATCAATG	TTAATAATGAAATATCAATG	20	None	CP046654.1	TTAAaAATGAAATATaAATG	2	a5T,a16C	1867551-1867571	None	R	
TACCAACTGAGCTAACGACC	TACCAACTGAGCTAACGACC	20	GO593_08495	CP046654.1	TACCAACTGAGCTAACGACC	0	-	1787141-1787161	0	F	R
TACCAACTGAGCTAACGACC	TACCAACTGAGCTAACGACC	20	GO593_08490	CP046654.1	TACCAACTGAGCTAACGACC	0	-	1787043-1787063	0	F	R
GTTGCTGATCTTCTCCAGAC	GTTGCTGATCTTCTCCAGAC	20	GO593_09265	CP046654.1	GTTGCTGtTCTTCTtCAGAC	2	t8A,t15C	1954550-1954570	645	R	F
TTTTGATTTAACTAATTTAG	TTTTGATTTAACTAATTTAG	20	GO593_05425	CP046654.1	TTTTGATTTAAaTAATTTAa	2	a12C,a20G	1145699-1145719	505	R	R
ATGACTATTGGTAACCAGAC	ATGACTATTGGTAACCAGAC	20	GO593_17425	CP046654.1	ATGACTtTTGGTAACCAaAC	2	t7A,a18G	3655081-3655101	698	R	R
AGTCCCACCGAGTCTAAAAA	AGTCCCACCGAGTCTAAAAA	20	GO593_10925	CP046654.1	AGTtCCACCGcGTCTAAAAA	2	t4C,c11A	2297276-2297296	25	R	F
ACTAAAACCTGCAATTAACG	ACTAAAACCTGCAATTAACG	20	GO593_10000	CP046654.1	AgTAAAACCTGCAATgAACG	2	g2C,g16T	2106597-2106617	41	R	F
ATGAAATCAATGGTTATACA	ATGAAATCAATGGTTATACA	20	GO593_00490	CP046654.1	ATGAAAatAATGGTTATACA	2	a7T,t8C	94199-94219	2685	R	R
ACGTTATTTTTAAACTTATC	ACGTTATTTTTAAACTTATC	20	GO593_05180	CP046654.1	ACGTTgTTTTTAAAtTTATC	2	g6A,t15C	1084530-1084550	100	R	F
ATGCCGCCAGCAATAAAGCG	ATGCCGCCAGCAATAAAGCG	20	GO593_10040	CP046654.1	cTGCCGCCAcCAATAAAGCG	2	c1A,c10G	2113882-2113902	114	R	F
GAACTGCTCAGCCGGGATGG	GAACTGCTCAGCCGGGATGG	20	GO593_05195	CP046654.1	GAACTGCTCAGCaGGaATGG	2	a13C,a16G	1087683-1087703	1191	F	R
CTTAAGGAGCGATAACATGA	CTTAAGGAGCGATAACATGA	20	GO593_17125	CP046654.1	CTTtAGGAGCGgTAACATGA	2	t4A,g12A	3592032-3592052	-17	R	R
CGTATTTGCTTCTTCCTCCA	CGTATTTGCTTCTTCCTCCA	20	GO593_14315	CP046654.1	aGTATTTGCTTCTTaCTCCA	2	a1C,a15C	2986499-2986519	80	F	F
CGCCACCAGCAGCGATAAAA	CGCCACCAGCAGCGATAAAA	20	GO593_17460	CP046654.1	CGCCACCAGCAGtGATAAAc	2	t13C,c20A	3662682-3662702	189	R	F
AAAGTTCAGAATGTTCAAAA	AAAGTTCAGAATGTTCAAAA	20	GO593_08920	CP046654.1	AAAGTTCAaAATGTTCAAAA	1	a9G	1873542-1873562	163	R	R
TAATGATTTTTCGCGCCCTT	TAATGATTTTTCGCGCCCTT	20	GO593_00990	CP046654.1	TAATGATcTTTCGCGgCCTT	2	c8T,g16C	171181-171201	476	F	R
ATCGATGGTTTCACCGAGGC	ATCGATGGTTTCACCGAGGC	20	GO593_14310	CP046654.1	ATCGATGaTTTCACCGtGGC	2	a8G,t17A	2985849-2985869	611	R	F
GACCGGTGCCTTCAACCGCT	GACCGGTGCCTTCAACCGCT	20	GO593_02245	CP046654.1	GACCGGTGCaTTaAACCGCT	2	a10C,a13C	463945-463965	12	F	R
GACCGGTGCCTTCAACCGCT	GACCGGTGCCTTCAACCGCT	20	GO593_12070	CP046654.1	GACCGGTGCaTTaAACCGCT	2	a10C,a13C	2527259-2527279	14	R	F
ATGCTGAAACTGTCATCGTT	ATGCTGAAACTGTCATCGTT	20	GO593_03800	CP046654.1	ATGCTGAAAgTGTCATgGTT	2	g10C,g17C	815500-815520	-5	F	R
CTGCCGCTGTCGCATCTGCA	CTGCCGCTGTCGCATCTGCA	20	GO593_01405	CP046654.1	CTGCCtCaGTCGCATCTGCA	2	t6G,a8T	278757-278777	373	F	R
TGAGCTTTCGCTTCTTGAGT	TGAGCTTTCGCTTCTTGAGT	20	GO593_13875	CP046654.1	TGAGCTTTtGCTTCTTGAGa	2	t9C,a20T	2892849-2892869	1309	R	F
AATTGCGGCGGCATGGTTTC	AATTGCGGCGGCATGGTTTC	20	GO593_12395	CP046654.1	AATTGCtGCtGCATGGTTTC	2	t7G,t10G	2590812-2590832	424	R	R
GCGGGAATAATTACGGATTT	GCGGGAATAATTACGGATTT	20	GO593_13060	CP046654.1	GCtGGAAgAATTACGGATTT	2	t3G,g8T	2728463-2728483	3753	F	F
GTTTTTTGTGCATGAGCGAC	GTTTTTTGTGCATGAGCGAC	20	GO593_12045	CP046654.1	GTTTTTTGTGCcTGAGCGAg	2	c12A,g20C	2520578-2520598	417	F	R
ATAAAAAAGCGCCATTATTT	ATAAAAAAGCGCCATTATTT	20	GO593_01585	CP046654.1	ATcAAAAAGCGCCATTAgTT	2	c3A,g18T	321640-321660	1715	F	F
TATGGTCAGTTAGCAATCCC	TATGGTCAGTTAGCAATCCC	20	GO593_03555	CP046654.1	TATGGTCAGTTAcCtATCCC	2	c13G,t15A	769599-769619	418	F	F
CGCTATTCACATGCCATGTA	CGCTATTCACATGCCATGTA	20	GO593_07890	CP046654.1	CGCTATTCACATGtCATGcA	2	t14C,c19T	1657145-1657165	1108	F	F
GCGGTTGTGTAACACTGGCA	GCGGTTGTGTAACACTGGCA	20	GO593_01470	CP046654.1	GCGGTTGTtTAAaACTGGCA	2	t9G,a13C	293032-293052	268	F	R
TGAGCAGGAAATATTTACCC	TGAGCAGGAAATATTTACCC	20	GO593_01155	CP046654.1	TGAGgAGGAAATATTTcCCC	2	g5C,c17A	216608-216628	1682	F	R
ACGGTGCTTACAGGCTTCAG	ACGGTGCTTACAGGCTTCAG	20	GO593_17750	CP046654.1	ACGGTGgTTACAGcCTTCAG	2	g7C,c14G	3717659-3717679	429	F	R
GTTGGCAATGACGTCCATAT	GTTGGCAATGACGTCCATAT	20	GO593_14605	CP046654.1	GTTGtCAATGACGTtCATAT	2	t5G,t15C	3053455-3053475	278	R	F
GTGGAGGCTAAAATAAGTTT	GTGGAGGCTAAAATAAGTTT	20	GO593_16905	CP046654.1	GTGGAaGCTAAcATAAGTTT	2	a6G,c12A	3537330-3537350	3356	R	R
TAAATAACCCGGTAATGTTG	TAAATAACCCGGTAATGTTG	20	GO593_02855	CP046654.1	TAAATAACCCGcTAATGcTG	2	c12G,c18T	619436-619456	189	F	R
AAACAACCTGAGCGTATTGC	AAACAACCTGAGCGTATTGC	20	GO593_04325	CP046654.1	AAtgAACCTGAGCGTATTGC	2	t3A,g4C	907821-907841	629	R	R
GTGCAGCAAGGTACTTTTAC	GTGCAGCAAGGTACTTTTAC	20	GO593_00380	CP046654.1	acGCAGCAAGGTACTTTTAC	2	a1G,c2T	70222-70242	129	F	R
AACCTTAATACCGGTTTCTT	AACCTTAATACCGGTTTCTT	20	GO593_13645	CP046654.1	AAtCTTAATACCGGTTTCTg	2	t3C,g20T	2834847-2834867	1758	F	R
GGCAAGATATTCATTTGAAG	GGCAAGATATTCATTTGAAG	20	GO593_12320	CP046654.1	GGCAAGATAcTCATTTGAAG	1	c10T	2574704-2574724	291	F	R
GTTAGTGAAGTAGATTTCGT	GTTAGTGAAGTAGATTTCGT	20	GO593_10455	CP046654.1	GTTAGTGAAGTAaATaTCGT	2	a13G,a16T	2196684-2196704	884	R	F
ATCAGCAGCTATCAGCAGGG	ATCAGCAGCTATCAGCAGGG	20	GO593_17275	CP046654.1	ATCAGaAGCTATCAGCAGaG	2	a6C,a19G	3621604-3621624	789	F	R
AGGGTAGATTTCCCGACGTT	AGGGTAGATTTCCCGACGTT	20	GO593_15015	CP046654.1	AGGGTAGATTTCCCtACaTT	2	t15G,a18G	3138533-3138553	32	F	R
TTCGGCTCAATGGTGCAGAA	TTCGGCTCAATGGTGCAGAA	20	GO593_15015	CP046654.1	TTtGGCTCAATGGTaCAGAA	2	t3C,a15G	3138467-3138487	98	F	R
ATCGCTAAAGCGACCTACAG	ATCGCTAAAGCGACCTACAG	20	GO593_16810	CP046654.1	ATCGgTAAAGCGACCTAtAG	2	g5C,t18C	3514866-3514886	465	F	R
ATATTCCACGCCTTCACGGC	ATATTCCACGCCTTCACGGC	20	GO593_10380	CP046654.1	ATtTTCCACcCCTTCACGGC	2	t3A,c10G	2182427-2182447	1176	F	R
TTTTGGCAGATTTTTCGACG	TTTTGGCAGATTTTTCGACG	20	GO593_01730	CP046654.1	TTTTGGCAGtTTTTgCGACG	2	t10A,g15T	351343-351363	508	F	R
TGCGCAAGCTGTGCATCACT	TGCGCAAGCTGTGCATCACT	20	GO593_10050	CP046654.1	TGCtCtAGCTGTGCATCACT	2	t4G,t6A	2115995-2116015	941	F	R
TTAATAATTAACGGTGAATC	TTAATAATTAACGGTGAATC	20	GO593_16405	CP046654.1	ggAATAATTAACGGTGAATC	2	g1T,g2T	3423713-3423733	1769	F	R
AACAGCACAAAAATGGTTAA	AACAGCACAAAAATGGTTAA	20	GO593_06930	CP046654.1	AACAGCACAAtAATGGTTAA	1	t11A	1451342-1451362	607	R	F
TAAAACAAACAGCACAAAAA	TAAAACAAACAGCACAAAAA	20	GO593_03780	CP046654.1	aAAAACAAAaAGCACAAAAA	2	a1T,a10C	811229-811249	377	F	F
GAAATGCAGATGCGCGGTAT	GAAATGCAGATGCGCGGTAT	20	GO593_17700	CP046654.1	GtAATGCAGAaGCGCGGTAT	2	t2A,a11T	3706625-3706645	374	R	R
AATCATATTGAAGTCAGCAA	AATCATATTGAAGTCAGCAA	20	GO593_04125	CP046654.1	AATCATtTTGAAaTCAGCAA	2	t7A,a13G	876154-876174	388	R	R
TCTTAAATACTCAAATTCAC	TCTTAAATACTCAAATTCAC	20	GO593_00485	CP046654.1	TCTaAAATACTgAAATTCAC	2	a4T,g12C	91818-91838	78	F	R
TGCGTAAAGCCTGCACAGCC	TGCGTAAAGCCTGCACAGCC	20	GO593_07665	CP046654.1	TGCGTAAAGCCTGCAaAGCt	2	a16C,t20C	1608874-1608894	340	F	R
TAATGGCCTGCTCTATCGCT	TAATGGCCTGCTCTATCGCT	20	GO593_15615	CP046654.1	TAATGaCCTGaTCTATCGCT	2	a6G,a11C	3256723-3256743	337	F	R
TAGAATAAGCACAAACAGCA	TAGAATAAGCACAAACAGCA	20	GO593_11565	CP046654.1	TAGAAaAAGCACAAACAGCt	2	a6T,t20A	2440744-2440764	495	R	R
AAGTTATAAAGAAAACAAAC	AAGTTATAAAGAAAACAAAC	20	GO593_13900	CP046654.1	AAGTTATAAAGAAAAgAAAg	2	g16C,g20C	2897103-2897123	186	F	F
ATTTACCAGTTGCATCAGCA	ATTTACCAGTTGCATCAGCA	20	GO593_01785	CP046654.1	cTTTgCCAGTTGCATCAGCA	2	c1A,g5A	361111-361131	393	R	F
ATTTACCAGTTGCATCAGCA	ATTTACCAGTTGCATCAGCA	20	GO593_10190	CP046654.1	ATTTACCAtTTGCATgAGCA	2	t9G,g16C	2151240-2151260	1429	F	F
CCATTGTTCAACAAAATAAT	CCATTGTTCAACAAAATAAT	20	GO593_01385	CP046654.1	CCATTGTTCAACAAgAaAAT	2	g15A,a17T	272459-272479	1364	F	R
AACAGGTTTACCTGTAGCCG	AACAGGTTTACCTGTAGCCG	20	GO593_17430	CP046654.1	AACAGGTTTACCTGTAatCG	2	a17G,t18C	3657345-3657365	768	F	R
GTAATTGTTCTGCAAGCTGC	GTAATTGTTCTGCAAGCTGC	20	GO593_07260	CP046654.1	GTAATTcTTgTGCAAGCTGC	2	c7G,g10C	1528616-1528636	174	R	F
CAATGCCAAACCACATTAGC	CAATGCCAAACCACATTAGC	20	GO593_07565	CP046654.1	CAATGCCAAACCAgATTAGC	1	g14C	1587710-1587730	768	R	F
CAATGGCGATCATCTGCACC	CAATGGCGATCATCTGCACC	20	GO593_06325	CP046654.1	aAATGGCGcTCATCTGCACC	2	a1C,c9A	1340620-1340640	957	F	F
TTCAATAAACATCTTTTCAA	TTCAATAAACATCTTTTCAA	20	GO593_12590	CP046654.1	TTCAATAAACAaCTTTTCAc	2	a12T,c20A	2635587-2635607	134	R	F
TGCGCTGGTTAGAAATTTTA	TGCGCTGGTTAGAAATTTTA	20	GO593_14930	CP046654.1	TGgGCTGGcTAGAAATTTTA	2	g3C,c9T	3120453-3120473	1064	F	R
GGTGTCACCATGGACTCTGG	GGTGTCACCATGGACTCTGG	20	GO593_09705	CP046654.1	GGTtTCACCATGGACTCTtG	2	t4G,t19G	2045034-2045054	48	F	F
TTAATCCAAATGATATTTGC	TTAATCCAAATGATATTTGC	20	GO593_10645	CP046654.1	TTAATCCAAAaGATATTcGC	2	a11T,c18T	2236640-2236660	233	F	F
GATATTTTTTTGCGGTTGAT	GATATTTTTTTGCGGTTGAT	20	GO593_07535	CP046654.1	GATATTTTTTTcCaGTTGAT	2	c12G,a14G	1581231-1581251	170	F	R
TTTAAAACTTCTTTTACCTG	TTTAAAACTTCTTTTACCTG	20	GO593_00945	CP046654.1	TTTAAAACaTCTTTTcCCTG	2	a9T,c16A	165410-165430	606	F	F
ACTCACCAGCCACTGGTAGT	ACTCACCAGCCACTGGTAGT	20	GO593_04335	CP046654.1	ACTCAtCAGCCACTtGTAGT	2	t6C,t15G	911620-911640	97	F	R
GGTTATTAAGATCATAAACA	GGTTATTAAGATCATAAACA	20	GO593_12435	CP046654.1	GGTTATaAAGATCATcAACA	2	a7T,c16A	2599970-2599990	622	F	R
CGATATTCATCATAAACTTT	CGATATTCATCATAAACTTT	20	GO593_10245	CP046654.1	CGATATTCATCATgAAgTTT	2	g14A,g17C	2162968-2162988	40	R	R
ATTATCTTGCTGTGAAAAAT	ATTATCTTGCTGTGAAAAAT	20	GO593_14280	CP046654.1	ATTATCTTGCTGTGgtAAAT	2	g15A,t16A	2978407-2978427	399	F	R
CAAACAATAACAGGTAAAAC	CAAACAATAACAGGTAAAAC	20	None	CP046654.1	CAAACAATAAgAGGTAtAAC	2	g11C,t17A	625902-625922	None	R	
AAATCCCAGCTCTTCAATGG	AAATCCCAGCTCTTCAATGG	20	GO593_13685	CP046654.1	AAATCtCAGCTCaTCAATGG	2	t6C,a13T	2845638-2845658	311	R	R
ACGGCAATCAGCAATTCAAA	ACGGCAATCAGCAATTCAAA	20	GO593_11480	CP046654.1	ACGGCAATgAGCAATTCAAA	1	g9C	2419957-2419977	86	F	R
AAACAGCCATAATTCCTTGT	AAACAGCCATAATTCCTTGT	20	GO593_16140	CP046654.1	AAcCAGCCAcAATTCCTTGT	2	c3A,c10T	3369502-3369522	422	F	F
GGTTTGTAGAACAATTTCAT	GGTTTGTAGAACAATTTCAT	20	None	CP046654.1	GtTTTGTAGAACAgTTTCAT	2	t2G,g14A	3291008-3291028	None	F	
TCTTTAGCATATGGTAGTGC	TCTTTAGCATATGGTAGTGC	20	GO593_04360	CP046654.1	TCTTTgGCATATGGTAGaGC	2	g6A,a18T	918231-918251	940	R	F
ACCAACTGAGCTACGGACGC	ACCAACTGAGCTACGGACGC	20	GO593_06395	CP046654.1	ACCAACTGAGCTACaGACcC	2	a15G,c19G	1355416-1355436	1	R	F
ACCAACTGAGCTACGGACGC	ACCAACTGAGCTACGGACGC	20	GO593_07460	CP046654.1	ACCAACTGAGCTACaGACcC	2	a15G,c19G	1565798-1565818	1	R	F
ACCAACTGAGCTACGGACGC	ACCAACTGAGCTACGGACGC	20	GO593_09560	CP046654.1	ACCAACTGAGCTACaGACcC	2	a15G,c19G	2015532-2015552	1	R	F
ACCAACTGAGCTACGGACGC	ACCAACTGAGCTACGGACGC	20	GO593_03860	CP046654.1	ACCAACTGAGCTACaGACcC	2	a15G,c19G	828050-828070	-1	F	R
ACCAACTGAGCTACGGACGC	ACCAACTGAGCTACGGACGC	20	GO593_06140	CP046654.1	ACCAACTGAGCTACaGACcC	2	a15G,c19G	1301157-1301177	-1	F	R
ACCAACTGAGCTACGGACGC	ACCAACTGAGCTACGGACGC	20	GO593_03695	CP046654.1	ACCAACTGAGCTACaGACcC	2	a15G,c19G	795831-795851	-1	F	R
ACCAGATCCAGTTAATGGGC	ACCAGATCCAGTTAATGGGC	20	GO593_01270	CP046654.1	ACCAaATCCAGTTAATGGtC	2	a5G,t19G	244837-244857	903	R	R
TATGTTCAAAGCGAATATCC	TATGTTCAAAGCGAATATCC	20	GO593_07785	CP046654.1	TATGTgCAAAGCGAATATCa	2	g6T,a20C	1635960-1635980	367	F	R
AAGGCTTTATTCTGCATTTC	AAGGCTTTATTCTGCATTTC	20	GO593_18330	CP046654.1	AAGGCTTTATcCTcCATTTC	2	c11T,c14G	3844439-3844459	797	F	R
GAGCTGGCTTGCAGCTTCAA	GAGCTGGCTTGCAGCTTCAA	20	GO593_02665	CP046654.1	tAGCTGGCTTGCAtCTTCAA	2	t1G,t14G	576791-576811	332	R	F
CATCAGAAATATAAAAAACG	CATCAGAAATATAAAAAACG	20	GO593_18575	CP046654.1	CATCAGAAATAaAAAAAACa	2	a12T,a20G	3903617-3903637	28	F	R
ATTTTGTCGCTGTTGTTGGC	ATTTTGTCGCTGTTGTTGGC	20	GO593_18635	CP046654.1	ATTTTGTCGCTaTTGaTGGC	2	a12G,a16T	3916020-3916040	854	F	F
TTTTGGTCAGAATGTGACGC	TTTTGGTCAGAATGTGACGC	20	GO593_09410	CP046654.1	TTTTGGTCAaAATGTGgCGC	2	a10G,g17A	1984558-1984578	84	R	F
TCCAAGATGGGCAATGGCGC	TCCAAGATGGGCAATGGCGC	20	GO593_10545	CP046654.1	TaCtAGATGGGCAATGGCGC	2	a2C,t4A	2215460-2215480	696	R	R
ATAGTTAATGTTAGACATAT	ATAGTTAATGTTAGACATAT	20	GO593_04445	CP046654.1	ATAGTTAATtTTAGACAaAT	2	t10G,a18T	935708-935728	974	R	R
TTTTGTTATAGATAAACACA	TTTTGTTATAGATAAACACA	20	None	CP046654.1	TTTTGTTATAaATAAACAaA	2	a11G,a19C	175379-175399	None	F	
AGGCTTCATTACCAAACGAC	AGGCTTCATTACCAAACGAC	20	GO593_04450	CP046654.1	AtGCTTCATTACCAAAaGAC	2	t2G,a17C	937977-937997	61	F	R
CGCGAACCTTCGCCACGTAC	CGCGAACCTTCGCCACGTAC	20	GO593_04465	CP046654.1	CGtGAACCTTCaCCACGTAC	2	t3C,a12G	941709-941729	80	F	R
CGCGAACCTTCGCCACGTAC	CGCGAACCTTCGCCACGTAC	20	GO593_12340	CP046654.1	CGtGAACCTTCaCCACGTAC	2	t3C,a12G	2578261-2578281	79	R	F
AATTGCATAATGTTTATTTG	AATTGCATAATGTTTATTTG	20	GO593_15035	CP046654.1	AATTGCATAAcGTTTATTgG	2	c11T,g19T	3141389-3141409	669	F	R
GACAAGTTCAAAAATAAGGA	GACAAGTTCAAAAATAAGGA	20	GO593_00780	CP046654.1	GACAcGTaCAAAAATAAGGA	2	c5A,a8T	128835-128855	94	F	F
TTTTTCAATCCACGGAAAAA	TTTTTCAATCCACGGAAAAA	20	GO593_16240	CP046654.1	gTTTTCAATCCACaGAAAAA	2	g1T,a14G	3391181-3391201	118	F	F
TTTTTCAATCCACGGAAAAA	TTTTTCAATCCACGGAAAAA	20	GO593_01900	CP046654.1	TTTTTCAATaCACGGAAAAt	2	a10C,t20A	382570-382590	1886	F	R
ATGCGCTTGCTGACGAACGC	ATGCGCTTGCTGACGAACGC	20	GO593_07125	CP046654.1	ATGCGCTTGCTGAaGAACtC	2	a14C,t19G	1497162-1497182	1481	F	F
GGGTTAGCGCAAAAATTTTC	GGGTTAGCGCAAAAATTTTC	20	GO593_10455	CP046654.1	GGGTTtGCGCAAAAATcTTC	2	t6A,c17T	2195825-2195845	25	R	F
GCTTTATCGCGTTGTTTTGG	GCTTTATCGCGTTGTTTTGG	20	GO593_16135	CP046654.1	GCTTTATCGatTTGTTTTGG	2	a10C,t11G	3369009-3369029	634	R	F
CTGAAAAAATGATATCACCA	CTGAAAAAATGATATCACCA	20	GO593_07185	CP046654.1	CTGAcAAAATGAcATCACCA	2	c5A,c13T	1514616-1514636	1707	R	F
CATCGAAATACCAATCACAA	CATCGAAATACCAATCACAA	20	GO593_15795	CP046654.1	CATCGAAATACCAAgCAaAA	2	g15T,a18C	3295574-3295594	386	R	F
CAACGTTGGTAATCACCACG	CAACGTTGGTAATCACCACG	20	GO593_07905	CP046654.1	CAACGTTGGTAATaACCACt	2	a14C,t20G	1657864-1657884	-18	R	F
TAAACAGCATGTCACATTGC	TAAACAGCATGTCACATTGC	20	GO593_16755	CP046654.1	TAAACAaCATGTCACATaGC	2	a7G,a18T	3503854-3503874	310	F	R
GTCGACTTACCTGCGCCATT	GTCGACTTACCTGCGCCATT	20	GO593_13600	CP046654.1	GTCGACTTACCaGCaCCATT	2	a12T,a15G	2826845-2826865	1528	R	F
GTCGACTTACCTGCGCCATT	GTCGACTTACCTGCGCCATT	20	GO593_07320	CP046654.1	GTtGAtTTACCTGCGCCATT	2	t3C,t6C	1540637-1540657	140	F	R
GTCGACTTACCTGCGCCATT	GTCGACTTACCTGCGCCATT	20	GO593_10675	CP046654.1	GTCGAtTTACCTGCGCCAgT	2	t6C,g19T	2244469-2244489	113	F	R
CCAGTGTGAAAGATGATTTT	CCAGTGTGAAAGATGATTTT	20	GO593_09470	CP046654.1	CaAaTGTGAAAGATGATTTT	2	a2C,a4G	1995329-1995349	1199	R	F
AGGTCAGTTCACGGGAACGC	AGGTCAGTTCACGGGAACGC	20	GO593_12455	CP046654.1	AtGTCAGTTCACGGcAACGC	2	t2G,c15G	2605542-2605562	667	F	R
TGTCTACCGATTCCACCATC	TGTCTACCGATTCCACCATC	20	GO593_08175	CP046654.1	TGTCTACCaATTCCACCAcC	2	a9G,c19T	1714038-1714058	6	R	F
GCCTCAAGACCGCCAATGCC	GCCTCAAGACCGCCAATGCC	20	GO593_18855	CP046654.1	GgCTCAAGACCGCaAATGCC	2	g2C,a14C	3958897-3958917	517	F	R
TTTCCATCTTTAACATCACG	TTTCCATCTTTAACATCACG	20	GO593_04515	CP046654.1	TTTCCATCTTTAACAgCAgG	2	g16T,g19C	952521-952541	286	R	F
AAGATGTTTTGCCAGCTGTT	AAGATGTTTTGCCAGCTGTT	20	GO593_18015	CP046654.1	AAGAaGcTTTGCCAGCTGTT	2	a5T,c7T	3771841-3771861	1569	R	R
GGCAATGCGCGCAATGGGTC	GGCAATGCGCGCAATGGGTC	20	GO593_18415	CP046654.1	GGCAATGCGaGCAATGGGTg	2	a10C,g20C	3861212-3861232	3883	R	R
ATTGTTATAGTTTTCGACTT	ATTGTTATAGTTTTCGACTT	20	GO593_14170	CP046654.1	ATTtTTATAaTTTTCGACTT	2	t4G,a10G	2957327-2957347	84	F	R
TTTTTCTGCCAGATCTTTCA	TTTTTCTGCCAGATCTTTCA	20	GO593_14970	CP046654.1	TTTTTCTGCaAaATCTTTCA	2	a10C,a12G	3130318-3130338	1686	F	R
AAAAAGCAAGGTTAAACGGA	AAAAAGCAAGGTTAAACGGA	20	None	CP046654.1	AAAAAGgAAGGTTAAACGtA	2	g7C,t19G	2237772-2237792	None	R	
CTTCTTTTTCTAAGGCATCG	CTTCTTTTTCTAAGGCATCG	20	GO593_02735	CP046654.1	CTTCTTTTTCTAAGGtATCG	1	t16C	594360-594380	225	R	F
CATCGCCTGAAAGACTAGTC	CATCGCCTGAAAGACTAGTC	20	GO593_04350	CP046654.1	CATCGCCTGAAAGACTtGcC	2	t17A,c19T	914470-914490	576	R	F
ATCTTTACTATCTGCTGCTT	ATCTTTACTATCTGCTGCTT	20	GO593_14010	CP046654.1	ATCTgTACTATtTGCTGCTT	2	g5T,t12C	2922821-2922841	52	R	R
ATCATCGGTTTATCATAAAT	ATCATCGGTTTATCATAAAT	20	GO593_06175	CP046654.1	ATCATCcGTTTATCATAAAc	2	c7G,c20T	1307757-1307777	905	F	R
CTGTAATTGAACGGTCAACA	CTGTAATTGAACGGTCAACA	20	GO593_01900	CP046654.1	CTGTAATTGAACGGTCAcCA	1	c18A	382514-382534	1942	F	R
CTCACGCAATTCACGATAAA	CTCACGCAATTCACGATAAA	20	GO593_16130	CP046654.1	CTCAaGCAATTCACtATAAA	2	a5C,t15G	3368062-3368082	102	R	R
CACGCCCTGACCGAGCGGCA	CACGCCCTGACCGAGCGGCA	20	GO593_07515	CP046654.1	aACGCCCTGACCGtGCGGCA	2	a1C,t14A	1576000-1576020	407	F	F
CAGCAACATCTTATTTTTAA	CAGCAACATCTTATTTTTAA	20	GO593_04270	CP046654.1	CAGCAACgTCTTATTTTTgA	2	g8A,g19A	898694-898714	631	F	F
AAAATGTAAATTTAATTTTA	AAAATGTAAATTTAATTTTA	20	GO593_02385	CP046654.1	AgAATGgAAATTTAATTTTA	2	g2A,g7T	503317-503337	263	F	F
AAAATGTAAATTTAATTTTA	AAAATGTAAATTTAATTTTA	20	None	CP046654.1	AAAATGTAAgTTaAATTTTA	2	g10A,a13T	3191048-3191068	None	F	
TACGATTGCTGATGCAAGTG	TACGATTGCTGATGCAAGTG	20	GO593_05390	CP046654.1	TACcATTGCTGATGCAAtTG	2	c4G,t18G	1137764-1137784	677	F	R
TTTTAATTTTGCCAGTTCAT	TTTTAATTTTGCCAGTTCAT	20	GO593_05000	CP046654.1	TTTTAtTTTTGCCAGTTCAg	2	t6A,g20T	1053555-1053575	466	R	R
AAACTTTCTTGCTGATAAAC	AAACTTTCTTGCTGATAAAC	20	GO593_10985	CP046654.1	AAACcTTCTTGCTGATAAcC	2	c5T,c19A	2313999-2314019	539	F	R
CGGTCATATGACCAGCAATA	CGGTCATATGACCAGCAATA	20	GO593_06425	CP046654.1	CGaTCATATGACCAGgAATA	2	a3G,g16C	1360516-1360536	295	F	R
AACAAAAAGACCTGTACCGA	AACAAAAAGACCTGTACCGA	20	GO593_04475	CP046654.1	AAgAAAAAGACCTGTACCtA	2	g3C,t19G	945563-945583	111	F	R
CCAGTTTCTGGCAAACATTC	CCAGTTTCTGGCAAACATTC	20	GO593_15015	CP046654.1	CCAGTTTCTtGCtAACATTC	2	t10G,t13A	3138303-3138323	262	R	R
ACCAAAAATGAAGGCGCTAC	ACCAAAAATGAAGGCGCTAC	20	GO593_08875	CP046654.1	ACCAAAAATGAAGGCaCaAC	2	a16G,a18T	1864370-1864390	1493	R	R
TAAAAAATATCCGCATCAAT	TAAAAAATATCCGCATCAAT	20	GO593_14300	CP046654.1	TAAAAAATATCCaaATCAAT	2	a13G,a14C	2982723-2982743	492	F	F
TTGCACGATGAAAAAGTTGA	TTGCACGATGAAAAAGTTGA	20	GO593_05570	CP046654.1	TTGCtaGATGAAAAAGTTGA	2	t5A,a6C	1179297-1179317	353	R	R
GCTGAAATTACCGGTAGCGC	GCTGAAATTACCGGTAGCGC	20	GO593_16115	CP046654.1	GCTGAAATTACCGGTgcCGC	2	g16A,c17G	3364617-3364637	607	F	F
ACGACGAAAATGGTTGAGCG	ACGACGAAAATGGTTGAGCG	20	GO593_07960	CP046654.1	gCGAaGAAAATGGTTGAGCG	2	g1A,a5C	1668753-1668773	1204	F	F
TGCGTACTGACTCAATGGTT	TGCGTACTGACTCAATGGTT	20	GO593_08700	CP046654.1	TGCGTACTGACTCAAcGtTT	2	c16T,t18G	1833256-1833276	1016	F	F
CTCCGGCAACACCAGCAGAC	CTCCGGCAACACCAGCAGAC	20	GO593_14725	CP046654.1	CTgCGGCAcCACCAGCAGAC	2	g3C,c9A	3077003-3077023	795	R	F
CTCCGGCAACACCAGCAGAC	CTCCGGCAACACCAGCAGAC	20	GO593_10290	CP046654.1	CTCCaGCAACACCAGCAGAa	2	a5G,a20C	2168779-2168799	68	F	F
CACGAAGCTCTTGCGCCACA	CACGAAGCTCTTGCGCCACA	20	GO593_01490	CP046654.1	CACGAAGCTCTTGaGCCAaA	2	a14C,a19C	296581-296601	2323	F	R
AATGGTTTCGTGGATGTCAG	AATGGTTTCGTGGATGTCAG	20	GO593_07045	CP046654.1	AATGGTTTCGTaGATGgCAG	2	a12G,g17T	1478161-1478181	557	R	R
GGCCGTGTTTTTGCAGTTGC	GGCCGTGTTTTTGCAGTTGC	20	GO593_12600	CP046654.1	GGCCGTGTTaTTGtAGTTGC	2	a10T,t14C	2637471-2637491	380	R	R
GCCGACGCTGAAAAAAATGC	GCCGACGCTGAAAAAAATGC	20	GO593_08675	CP046654.1	GCaGAaGCTGAAAAAAATGC	2	a3C,a6C	1828138-1828158	1637	R	R
GGCGAAGTCACTCTTCACTT	GGCGAAGTCACTCTTCACTT	20	GO593_09185	CP046654.1	GGCGAAGaCACTCTTCAaTT	2	a8T,a18C	1937603-1937623	145	F	R
GCGTAAAGCATTGCTTCATC	GCGTAAAGCATTGCTTCATC	20	GO593_11345	CP046654.1	tCGTAAtGCATTGCTTCATC	2	t1G,t7A	2394007-2394027	1363	R	F
CTTTCCTTATTCTCAGGTTG	CTTTCCTTATTCTCAGGTTG	20	GO593_08230	CP046654.1	CTgaCCTTATTCTCAGGTTG	2	g3T,a4T	1724037-1724057	1853	R	R
AACAATGGACGAGGAGTATC	AACAATGGACGAGGAGTATC	20	GO593_17595	CP046654.1	AACAATGGAgGAGaAGTATC	2	g10C,a14G	3686409-3686429	127	R	F
AGCAAAAGTAAGGAATATCA	AGCAAAAGTAAGGAATATCA	20	None	CP046654.1	AGCAAAAaTAAGGAATATCt	2	a8G,t20A	3062769-3062789	None	F	
TGGTTTGGATTCAGTGATTG	TGGTTTGGATTCAGTGATTG	20	GO593_05500	CP046654.1	TGacTTGGATTCAGTGATTG	2	a3G,c4T	1164278-1164298	370	R	R
ATATAGGTAAATAACCAGAT	ATATAGGTAAATAACCAGAT	20	GO593_14140	CP046654.1	ATATAGGTAAATtACCgGAT	2	t13A,g17A	2950228-2950248	134	F	F
ATCTATGGTGATGATGCCGG	ATCTATGGTGATGATGCCGG	20	GO593_13435	CP046654.1	ATCTATGGTGATGtTGCaGG	2	t14A,a18C	2786482-2786502	391	F	F
AAAAGCAATCACCGCGATTA	AAAAGCAATCACCGCGATTA	20	GO593_18255	CP046654.1	AAAAGCAATCACCatGATTA	2	a14G,t15C	3828691-3828711	672	F	F
AAGGCATATTTTCATCAACA	AAGGCATATTTTCATCAACA	20	GO593_00605	CP046654.1	AAGGCtTATcTTCATCAACA	2	t6A,c10T	110266-110286	826	F	R
TTGCTTTGTTGATATTTTGA	TTGCTTTGTTGATATTTTGA	20	GO593_18570	CP046654.1	TTGCaTTGTTGATATgTTGA	2	a5T,g16T	3901723-3901743	700	F	R
CGTACGTAAACCGCTAACAA	CGTACGTAAACCGCTAACAA	20	GO593_06445	CP046654.1	aGTACGTAAcCCGCTAACAA	2	a1C,c10A	1366032-1366052	568	R	F
TCCGCAGCTCCACCAGCGCC	TCCGCAGCTCCACCAGCGCC	20	GO593_06320	CP046654.1	TgCGCAGCTCCACCAGCGCC	1	g2C	1339352-1339372	211	R	F
ATTCCCCAGAAAATGTTGTC	ATTCCCCAGAAAATGTTGTC	20	GO593_05450	CP046654.1	ATTaCCCAGAAAATGcTGTC	2	a4C,c16T	1151833-1151853	395	F	R
ATTTTTCCAGATCATGAATG	ATTTTTCCAGATCATGAATG	20	GO593_14210	CP046654.1	ATTgTTCCAtATCATGAATG	2	g4T,t10G	2965636-2965656	28	F	R
TCTTCTGTGAGGTTTAATGG	TCTTCTGTGAGGTTTAATGG	20	GO593_14060	CP046654.1	TgTTCTGTtAGGTTTAATGG	2	g2C,t9G	2933949-2933969	198	F	F
ATATCTTGATATTTTTTATC	ATATCTTGATATTTTTTATC	20	GO593_06820	CP046654.1	AaATCTTGATATTTTTTAcC	2	a2T,c19T	1426723-1426743	166	R	R
TGCAGATAGCCTGTTGGGCT	TGCAGATAGCCTGTTGGGCT	20	GO593_08250	CP046654.1	TGCAGATAGCCatTTGGGCT	2	a12T,t13G	1730538-1730558	825	F	R
ATCATCTTTTCAAATTGCAT	ATCATCTTTTCAAATTGCAT	20	None	CP046654.1	ATCATCTTTTtAgATTGCAT	2	t11C,g13A	2021068-2021088	None	F	
CCACAACTGGCGATATTTCC	CCACAACTGGCGATATTTCC	20	GO593_07875	CP046654.1	CCAtAACTcGCGATATTTCC	2	t4C,c9G	1652239-1652259	-15	R	F
GGCAATGACAAACAGCACCC	GGCAATGACAAACAGCACCC	20	GO593_14805	CP046654.1	cGCAATGACAAACAGCACCa	2	c1G,a20C	3091977-3091997	320	R	F
ATTTTTTCATTATATTTAGC	ATTTTTTCATTATATTTAGC	20	GO593_00210	CP046654.1	ATTTTTTCATTtTcTTTAGC	2	t12A,c14A	35312-35332	863	R	F
CCTTGTTGTTTTTAACTCCC	CCTTGTTGTTTTTAACTCCC	20	None	CP046654.1	CCTaGTTcTTTTTAACTCCC	2	a4T,c8G	943538-943558	None	R	
CGCTCAACACCAGCAAGCGG	CGCTCAACACCAGCAAGCGG	20	GO593_06245	CP046654.1	CGCTCAACACCAGCAAGtGc	2	t18C,c20G	1325181-1325201	703	R	F
ACGCAGCACGTTTTGCAGCG	ACGCAGCACGTTTTGCAGCG	20	GO593_04135	CP046654.1	AttCAGCACGTTTTGCAGCG	2	t2C,t3G	877210-877230	58	F	R
ATTGCTGAAAACTGCCCGTA	ATTGCTGAAAACTGCCCGTA	20	GO593_14600	CP046654.1	ATTGCTGAAAACTGCCaGTt	2	a17C,t20A	3052756-3052776	247	R	F
CCATTGCTGCGGAAAGCATA	CCATTGCTGCGGAAAGCATA	20	GO593_13480	CP046654.1	CCATTtCaGCGGAAAGCATA	2	t6G,a8T	2798325-2798345	4047	R	F
TACGGTCACGAGTCAGACCC	TACGGTCACGAGTCAGACCC	20	GO593_09080	CP046654.1	TACGGTCACGAGTCAaACCC	1	a16G	1913035-1913055	102	R	F
CCCTGCGCCTGCATTACGCG	CCCTGCGCCTGCATTACGCG	20	GO593_01035	CP046654.1	gCCTGCGCCTGCATTAaGCG	2	g1C,a17C	186521-186541	890	R	F
ATAACCTTCAGCATATTTGT	ATAACCTTCAGCATATTTGT	20	GO593_00420	CP046654.1	ATAACCTTCtGCgTATTTGT	2	t10A,g13A	81049-81069	153	F	R
TAGTCAGCCAGTTGATAAAC	TAGTCAGCCAGTTGATAAAC	20	GO593_08140	CP046654.1	TAGaCAGCCAtTTGATAAAC	2	a4T,t11G	1707556-1707576	345	F	F
TGCCATGCCAGCACCAACAG	TGCCATGCCAGCACCAACAG	20	GO593_11365	CP046654.1	TaCCATGCCcGCACCAACAG	2	a2G,c10A	2398407-2398427	1280	R	F
CATCGTTTAACGGCGCATTG	CATCGTTTAACGGCGCATTG	20	GO593_07850	CP046654.1	CAaCGTTTAACGGCGCtTTG	2	a3T,t17A	1648711-1648731	493	F	F
CGCCAGTTTTTTATCACTCT	CGCCAGTTTTTTATCACTCT	20	None	CP046654.1	tGCCAGTTTTTTATCAaTCT	2	t1C,a17C	1554907-1554927	None	F	
TCACAATAGTATTGGGGATC	TCACAATAGTATTGGGGATC	20	GO593_00900	CP046654.1	TCACcATAGTATTGGcGATC	2	c5A,c16G	152069-152089	925	R	F
GCGATCTTCACGTAAATGCA	GCGATCTTCACGTAAATGCA	20	GO593_01735	CP046654.1	GCGATCTTCACGcAAATGCA	1	c13T	352457-352477	126	F	R
GGCACTAACGGCTCATCACA	GGCACTAACGGCTCATCACA	20	GO593_14920	CP046654.1	GtCACTAACGGCTCATCcCA	2	t2G,c18A	3116076-3116096	557	F	R
AAATGCATCGTCATCTTTTA	AAATGCATCGTCATCTTTTA	20	GO593_08485	CP046654.1	AAATGtATCGTCATCTTTTA	1	t6C	1786904-1786924	877	F	F
CATCATAGTGATAAATATGC	CATCATAGTGATAAATATGC	20	GO593_02535	CP046654.1	CATCATgGTGATgAATATGC	2	g7A,g13A	554277-554297	1307	R	R
CCTGTTTTTTGGATAACCGC	CCTGTTTTTTGGATAACCGC	20	GO593_06450	CP046654.1	CCTGTTTTTTGaATAACCtC	2	a12G,t19G	1366802-1366822	124	R	F
ACAAAGAAGAAAAAAAATAG	ACAAAGAAGAAAAAAAATAG	20	GO593_14885	CP046654.1	ACAcAGAAGAAAAAAAtTAG	2	c4A,t17A	3108329-3108349	533	R	R
TACCAAATTGTTTCTCAATC	TACCAAATTGTTTCTCAATC	20	GO593_17675	CP046654.1	TACCAAATTGcTTCTCAATt	2	c11T,t20C	3702839-3702859	45	R	F
TGGTTTCCACATCCATGGAA	TGGTTTCCACATCCATGGAA	20	GO593_04515	CP046654.1	cGGTTTCCACATCCATGaAA	2	c1T,a18G	952487-952507	252	F	F
ACGCGGTAAAAAAGTTTCCG	ACGCGGTAAAAAAGTTTCCG	20	GO593_08655	CP046654.1	ACGCGGTAAAActGTTTCCG	2	c12A,t13A	1824185-1824205	839	R	F
CGTTCTCATCAATAAATTTA	CGTTCTCATCAATAAATTTA	20	None	CP046654.1	CtTTCTCATCAcTAAATTTA	2	t2G,c12A	3391982-3392002	None	F	
ATTAACTGCATCACCTGTTC	ATTAACTGCATCACCTGTTC	20	GO593_12230	CP046654.1	AgTAACTGCATCAtCTGTTC	2	g2T,t14C	2554286-2554306	3166	R	F
GAATTTTTCACGCGGCACGG	GAATTTTTCACGCGGCACGG	20	GO593_11410	CP046654.1	GAATTTTTCAgGgGGCACGG	2	g11C,g13C	2408543-2408563	635	R	F
AACGTCAGCAAACTCACGCA	AACGTCAGCAAACTCACGCA	20	GO593_10605	CP046654.1	AAaGTCAGCAAACTCAtGCA	2	a3C,t17C	2228940-2228960	1379	R	F
TGAGTATTAGCAAAATCGCC	TGAGTATTAGCAAAATCGCC	20	GO593_09705	CP046654.1	TGAGTATTAtCAAAAcCGCC	2	t10G,c16T	2045535-2045555	549	F	F
AATTGCGGTTTTACCTTTCA	AATTGCGGTTTTACCTTTCA	20	GO593_05620	CP046654.1	AATaGCtGTTTTACCTTTCA	2	a4T,t7G	1188347-1188367	12	F	R
AAAGATATTTGCGCCAGCTT	AAAGATATTTGCGCCAGCTT	20	GO593_11900	CP046654.1	AAAGATgTTTcCGCCAGCTT	2	g7A,c11G	2490531-2490551	365	F	R
AATCCCATAAATTTCGCCAT	AATCCCATAAATTTCGCCAT	20	GO593_14760	CP046654.1	AATCCCATAAATTTCGCagT	2	a18C,g19A	3081627-3081647	556	R	F
CTGACTCATCAAATCGTGAC	CTGACTCATCAAATCGTGAC	20	GO593_02430	CP046654.1	CTaACcCATCAAATCGTGAC	2	a3G,c6T	512379-512399	1658	F	F
TAACTTGTTGCTGTAATTGT	TAACTTGTTGCTGTAATTGT	20	GO593_10055	CP046654.1	gAAaTTGTTGCTGTAATTGT	2	g1T,a4C	2117553-2117573	382	F	R
GAACCAGTAGAAGCACCTGA	GAACCAGTAGAAGCACCTGA	20	GO593_17305	CP046654.1	GAACCAGTtGAAGCACCaGA	2	t9A,a18T	3627747-3627767	113	F	R
GCGGTTTTCATCATCAAAAA	GCGGTTTTCATCATCAAAAA	20	GO593_03980	CP046654.1	GCGGcTTTCATCATCAAtAA	2	c5T,t18A	851478-851498	656	R	F
TCGCGCCACAGTCGAGTACC	TCGCGCCACAGTCGAGTACC	20	GO593_10730	CP046654.1	TCGaGCCACAGTCGAGTACC	1	a4C	2255218-2255238	383	F	F
ATCAAATTTTAATTGGTTGC	ATCAAATTTTAATTGGTTGC	20	GO593_18465	CP046654.1	ATCAAATTTTAATTGGTaaC	2	a18T,a19G	3879760-3879780	510	R	R
CATGGATGATGGAACGCAGG	CATGGATGATGGAACGCAGG	20	GO593_11295	CP046654.1	CATGGATGATGGAgCGCAtG	2	g14A,t19G	2384282-2384302	407	F	F
AACTTTCTTTGATGTTAAAT	AACTTTCTTTGATGTTAAAT	20	GO593_18100	CP046654.1	gACTTTCTTTGcTGTTAAAT	2	g1A,c12A	3794315-3794335	6	F	R
TATATTCTATCAAGGATATC	TATATTCTATCAAGGATATC	20	None	CP046654.1	TATATTCTtTgAAGGATATC	2	t9A,g11C	934882-934902	None	F	
TTCTCCTAAAATAAATATTT	TTCTCCTAAAATAAATATTT	20	None	CP046654.1	TTCTCCTAAAATAtATtTTT	2	t14A,t17A	3671642-3671662	None	R	
TTCTCCTAAAATAAATATTT	TTCTCCTAAAATAAATATTT	20	GO593_17190	CP046654.1	TTCTtCTAAAATAAATtTTT	2	t5C,t17A	3604626-3604646	45	F	R
CCCGTTAATGGTGCATTCGA	CCCGTTAATGGTGCATTCGA	20	GO593_12305	CP046654.1	aCCGTTAATGGTGCAgTCGA	2	a1C,g16T	2570790-2570810	1166	R	R
GATAAAGATACTGGAACAAT	GATAAAGATACTGGAACAAT	20	GO593_00495	CP046654.1	GATAAAaATACTGGAAtAAT	2	a7G,t17C	97281-97301	215	R	R
GCCGCCTTCGACCTGATGAG	GCCGCCTTCGACCTGATGAG	20	GO593_06595	CP046654.1	GCCGCgTTCcACCTGATGAG	2	g6C,c10G	1393633-1393653	457	F	F
CACCATGCCGCCGCCAACAA	CACCATGCCGCCGCCAACAA	20	GO593_10980	CP046654.1	CAtgATGCCGCCGCCAACAA	2	t3C,g4C	2312236-2312256	132	F	R
TTCAAAAAAAAGTGGAAATA	TTCAAAAAAAAGTGGAAATA	20	None	CP046654.1	TTtAAAAAAAAGaGGAAATA	2	t3C,a13T	1485781-1485801	None	R	
ATTTGGTCAGCAATTTTGTC	ATTTGGTCAGCAATTTTGTC	20	GO593_02505	CP046654.1	AaTTGGTCAaCAATTTTGTC	2	a2T,a10G	548073-548093	281	F	R
ATTTGGTCAGCAATTTTGTC	ATTTGGTCAGCAATTTTGTC	20	GO593_10985	CP046654.1	ATTTGGTCtGCAATTTTcTC	2	t9A,c18G	2312955-2312975	1583	F	R
TGATGTTGATGTTTGCGATG	TGATGTTGATGTTTGCGATG	20	GO593_06305	CP046654.1	TaATGTTGATGTTTGCaATG	2	a2G,a17G	1336478-1336498	818	F	F
CTGCACTAGCGTTGATAAAA	CTGCACTAGCGTTGATAAAA	20	GO593_10970	CP046654.1	CTGCACcAGCGTTGATAAAg	2	c7T,g20A	2309824-2309844	124	F	R
CGCCGTATATTCCGCAGAAA	CGCCGTATATTCCGCAGAAA	20	GO593_16560	CP046654.1	CGCCaTATATTCCGgAGAAA	2	a5G,g15C	3463604-3463624	659	R	F
ATCCACAAAACGTTTAAAAT	ATCCACAAAACGTTTAAAAT	20	GO593_00275	CP046654.1	ATtCAtAAAACGTTTAAAAT	2	t3C,t6C	48229-48249	39	F	R
AAGGTCATTTTTATTAAGGA	AAGGTCATTTTTATTAAGGA	20	None	CP046654.1	AAGcTCcTTTTTATTAAGGA	2	c4G,c7A	6477-6497	None	F	
TTTTCCTAAATGAACTCTTT	TTTTCCTAAATGAACTCTTT	20	GO593_00020	CP046654.1	TTTTCtTAAATGAACTCTTa	2	t6C,a20T	1673-1693	378	R	R
GTCATCTTCGCCTGGATGCC	GTCATCTTCGCCTGGATGCC	20	GO593_14350	CP046654.1	GTCATCTTCaCCaGGATGCC	2	a10G,a13T	2995257-2995277	443	R	F
GTAATTTCTTAGGAATAATG	GTAATTTCTTAGGAATAATG	20	GO593_11285	CP046654.1	GTAgTcTCTTAGGAATAATG	2	g4A,c6T	2381478-2381498	950	F	F
ATTTGGCAGCATAGATTTGT	ATTTGGCAGCATAGATTTGT	20	GO593_17750	CP046654.1	ATTTGGCAGCAgAGATTTGT	1	g12T	3716995-3717015	1093	F	R
ATCCCCGGACGGCGGCGAAC	ATCCCCGGACGGCGGCGAAC	20	GO593_05625	CP046654.1	ATCCCCGGACGaCGaCGAAC	2	a12G,a15G	1190651-1190671	50	F	R
ATGATGATATCCTTAACTAA	ATGATGATATCCTTAACTAA	20	GO593_03185	CP046654.1	ATGATGATATCtTTtACTAA	2	t12C,t15A	684586-684606	104	F	R
AATAATAAACAGAATGCATA	AATAATAAACAGAATGCATA	20	GO593_15490	CP046654.1	AATAAaAAACAGAATGCAaA	2	a6T,a19T	3235493-3235513	265	F	F
TAACTGGATCACAACTTCAA	TAACTGGATCACAACTTCAA	20	GO593_02840	CP046654.1	TAACTGGATCACtACTTCAA	1	t13A	616155-616175	138	F	R
CTGCTTTTTCAGCTTCACAC	CTGCTTTTTCAGCTTCACAC	20	GO593_10375	CP046654.1	CTGCTTTTgCAGCTTCACgC	2	g9T,g19A	2181665-2181685	1188	R	F
TGAAGTATTCAATCACCTCT	TGAAGTATTCAATCACCTCT	20	GO593_08935	CP046654.1	TGAAGTATTCAATCACtTCa	2	t17C,a20T	1878784-1878804	1167	R	F
TGCAAAATCAGCGTAAGCCA	TGCAAAATCAGCGTAAGCCA	20	GO593_04950	CP046654.1	TGCAAAATCAGCtTAAGCCA	1	t13G	1048338-1048358	1500	F	F
ATAAAACGCTGCCAGCCGCT	ATAAAACGCTGCCAGCCGCT	20	None	CP046654.1	ATAAAACtCTGCtAGCCGCT	2	t8G,t13C	3658261-3658281	None	F	
TTTAACTCTTCCATCAGAGT	TTTAACTCTTCCATCAGAGT	20	GO593_04890	CP046654.1	TTTAACTCTgaCATCAGAGT	2	g10T,a11C	1031285-1031305	1079	F	R
TCGGCAATAAAGCGTTCTGC	TCGGCAATAAAGCGTTCTGC	20	GO593_02235	CP046654.1	TCGGCAATAAAGCtTTCTtC	2	t14G,t19G	459625-459645	3026	F	R
GAAGGTCATTCATTTTTCGA	GAAGGTCATTCATTTTTCGA	20	GO593_11750	CP046654.1	GAtGGTCATTCATTTaTCGA	2	t3A,a16T	2463262-2463282	475	F	F
GCACCCTGCCCTATGGAGCC	GCACCCTGCCCTATGGAGCC	20	GO593_10420	CP046654.1	GCACCCTGCCCTATGaAGCC	1	a16G	2189084-2189104	64	R	F
ACTTGCTGAAGGGTTTGCAC	ACTTGCTGAAGGGTTTGCAC	20	GO593_07295	CP046654.1	tCTTGCTGAAGGGTTTGCAC	1	t1A	1535194-1535214	35	F	R
TGGCAATGCCAGTCATATTG	TGGCAATGCCAGTCATATTG	20	GO593_16125	CP046654.1	TGcCAATGCCAGaCATATTG	2	c3G,a13T	3366555-3366575	268	R	R
CGGTTAAAGCCCGACTGGCA	CGGTTAAAGCCCGACTGGCA	20	GO593_05685	CP046654.1	CGGTTAcAGCCCcACTGGCA	2	c7A,c13G	1205326-1205346	1179	R	F
TCGTTGCTGGACATACCCTG	TCGTTGCTGGACATACCCTG	20	GO593_02665	CP046654.1	TCGTTGCTGGAaATAtCCTG	2	a12C,t16C	577108-577128	649	R	F
AGGTTTGCAGTATATGCATA	AGGTTTGCAGTATATGCATA	20	GO593_12060	CP046654.1	AaGTTTGCAGTATATGCATA	1	a2G	2524707-2524727	122	F	R
GTCTACCAATTCCACCACCT	GTCTACCAATTCCACCACCT	20	GO593_08175	CP046654.1	GTCTACCAATTCCACCACCa	1	a20T	1714037-1714057	5	R	F
GTCTACCAATTCCACCACCT	GTCTACCAATTCCACCACCT	20	GO593_03550	CP046654.1	GTCTACCAATTtCACCACCT	1	t12C	768977-768997	3	F	R
TTTTCACCTTGATGAGTTCA	TTTTCACCTTGATGAGTTCA	20	GO593_02410	CP046654.1	TTTTtACCTTGATGAGTTCA	1	t5C	507867-507887	135	R	F
AAGCGTGTTCAGGTTCTCGT	AAGCGTGTTCAGGTTCTCGT	20	GO593_15965	CP046654.1	AAGCGaGTTCAGGTTCTCtT	2	a6T,t19G	3335363-3335383	194	F	F
GGTGTTGTTTACCACCACTT	GGTGTTGTTTACCACCACTT	20	GO593_02650	CP046654.1	GGTGcTGTTTACCACCgCTT	2	c5T,g17A	574988-575008	16	F	R
CAGAGCAGCATTTTTAGCGC	CAGAGCAGCATTTTTAGCGC	20	GO593_02950	CP046654.1	CAGAGCAcCATaTTTAGCGC	2	c8G,a12T	638524-638544	59	F	R
GTCGTTTTACCGATGCCCGA	GTCGTTTTACCGATGCCCGA	20	GO593_15665	CP046654.1	GTCGTTTTACCGgaGCCCGA	2	g13A,a14T	3271140-3271160	1075	R	F
GGCATTCACGTTCAATCGCC	GGCATTCACGTTCAATCGCC	20	GO593_05970	CP046654.1	GGCcTTCAaGTTCAATCGCC	2	c4A,a9C	1264916-1264936	936	R	F
CGAATTGATTTATTGCTTTC	CGAATTGATTTATTGCTTTC	20	GO593_16120	CP046654.1	CcAATTGgTTTATTGCTTTC	2	c2G,g8A	3365375-3365395	550	F	F
CCAGATGAATAATACCGTCG	CCAGATGAATAATACCGTCG	20	GO593_13060	CP046654.1	CCAGAcGAATAATACCtTCG	2	c6T,t17G	2727902-2727922	3192	R	F
TTGTACTTCGGTGAGTACCA	TTGTACTTCGGTGAGTACCA	20	GO593_02345	CP046654.1	TTGTtCTTCGGTGAGTAtCA	2	t5A,t18C	497448-497468	566	R	F
CACAGGAATTAATCTTTTCA	CACAGGAATTAATCTTTTCA	20	GO593_07790	CP046654.1	CACAGGttTTAATCTTTTCA	2	t7A,t8A	1637457-1637477	193	F	R
CAGCAACAACGGCAAGGATC	CAGCAACAACGGCAAGGATC	20	GO593_10040	CP046654.1	CAGCAACAACGGCgAGaATC	2	g14A,a17G	2114014-2114034	246	R	F
CAGCAACAACGGCAAGGATC	CAGCAACAACGGCAAGGATC	20	GO593_05325	CP046654.1	CAGCAACAACtGCAAGaATC	2	t11G,a17G	1122051-1122071	1159	F	R
CTCAGCTTCTGTGTGAATAT	CTCAGCTTCTGTGTGAATAT	20	GO593_07320	CP046654.1	CTCAGCTTCTGatTGAATAT	2	a12T,t13G	1540300-1540320	477	F	R
AATCGCCATAAAGATGGCAA	AATCGCCATAAAGATGGCAA	20	None	CP046654.1	AATaGCCATAtAGATGGCAA	2	a4C,t11A	1839247-1839267	None	F	
GTTGGTGCAGGTGCGGCTGC	GTTGGTGCAGGTGCGGCTGC	20	GO593_12825	CP046654.1	GTTGGTGCtGGTGCaGCTGC	2	t9A,a15G	2667233-2667253	2686	F	F
TCGTAATAACGAATCGTGTC	TCGTAATAACGAATCGTGTC	20	GO593_11945	CP046654.1	TCGTAATAACGAATaGTaTC	2	a15C,a18G	2497590-2497610	47	F	R
ACACGTTTACGTGCACGAAT	ACACGTTTACGTGCACGAAT	20	GO593_08460	CP046654.1	AtACGTTTACGTtCACGAAT	2	t2C,t13G	1781496-1781516	787	R	F
CAGAACCGATACCACGACCC	CAGAACCGATACCACGACCC	20	GO593_04105	CP046654.1	CAGAACCGATACCACGgCCt	2	g17A,t20C	874896-874916	61	F	R
CAGAACCGATACCACGACCC	CAGAACCGATACCACGACCC	20	GO593_12910	CP046654.1	CAGgACCGATACCACGACCt	2	g4A,t20C	2686116-2686136	390	R	F
CACGACCACCGGTTTTACCG	CACGACCACCGGTTTTACCG	20	GO593_12780	CP046654.1	CACGACCACCtGTTTTACCc	2	t11G,c20G	2660762-2660782	198	R	F
GACCAATACGACGCAGACCC	GACCAATACGACGCAGACCC	20	GO593_04110	CP046654.1	GACCAATACGACGCAGACCt	1	t20C	875061-875081	76	F	R
TTGCGTGCTTTGGTGATCAG	TTGCGTGCTTTGGTGATCAG	20	GO593_07075	CP046654.1	TTGCGTGgTTTGGTGATCAt	2	g8C,t20G	1484169-1484189	46	F	F
TTACGGAATTTTGTACGCTT	TTACGGAATTTTGTACGCTT	20	GO593_04165	CP046654.1	TTACGGAATTTgGTACGtTT	2	g12T,t18C	879471-879491	11	F	R
GACGGGCAGTCAGACGACCA	GACGGGCAGTCAGACGACCA	20	GO593_04165	CP046654.1	GACGtGCAGTCAtACGACCA	2	t5G,t13G	879367-879387	115	F	R
CTTTAGCCAGTTCCTTAGTC	CTTTAGCCAGTTCCTTAGTC	20	GO593_18595	CP046654.1	CTTcAGCCAtTTCCTTAGTC	2	c4T,t10G	3910378-3910398	1987	R	F
GTTGTGTTCAGCGTTAGCAA	GTTGTGTTCAGCGTTAGCAA	20	GO593_04175	CP046654.1	aTTGTGTTCAGCGTTtGCAA	2	a1G,t16A	880407-880427	162	F	R
TCAAGCCCCTGATTTGTGGT	TCAAGCCCCTGATTTGTGGT	20	GO593_14530	CP046654.1	TtAAcCCCCTGATTTGTGGT	2	t2C,c5G	3037158-3037178	142	R	F
CATTGCCAATGCTGGCAGAG	CATTGCCAATGCTGGCAGAG	20	GO593_16625	CP046654.1	CATTGCCAATGgTGcCAGAG	2	g12C,c15G	3475566-3475586	475	F	R
GATATTTATTACCACCTTGT	GATATTTATTACCACCTTGT	20	GO593_10710	CP046654.1	tATATTTATTACCACCTTtT	2	t1G,t19G	2250251-2250271	670	F	R
CTCCTGCTCCATCCAGTCCA	CTCCTGCTCCATCCAGTCCA	20	GO593_10520	CP046654.1	CTCtTGtTCCATCCAGTCCA	2	t4C,t7C	2209281-2209301	149	R	F
ATCCAGTAAATCCAACTCAC	ATCCAGTAAATCCAACTCAC	20	GO593_07510	CP046654.1	ATCCAtTAAATCCAACTCAa	2	t6G,a20C	1574727-1574747	608	F	F
AGGTTGTCAACAATACGTGC	AGGTTGTCAACAATACGTGC	20	GO593_02925	CP046654.1	gtGTTGTCAACAATACGTGC	2	g1A,t2G	633691-633711	1165	R	F
ACGCGGTCATAAGCGATGCG	ACGCGGTCATAAGCGATGCG	20	GO593_17905	CP046654.1	ACGCGGTCATAtGCGATaCG	2	t12A,a18G	3749681-3749701	107	F	R
TCGCGTAATTGGCAAAATAT	TCGCGTAATTGGCAAAATAT	20	None	CP046654.1	TCGgGTAATTGGCAAAAaAT	2	g4C,a18T	2027892-2027912	None	F	
ATGAAAACTTCAAAACAGCC	ATGAAAACTTCAAAACAGCC	20	GO593_10310	CP046654.1	ATGAAtACTTCAAAAtAGCC	2	t6A,t16C	2173453-2173473	1540	R	F
CTTTTCACCCAACAAATAAC	CTTTTCACCCAACAAATAAC	20	GO593_14080	CP046654.1	CaTTTCAgCCAACAAATAAC	2	a2T,g8C	2939514-2939534	698	R	F
ATATCATCAAAATTGATCTG	ATATCATCAAAATTGATCTG	20	GO593_12795	CP046654.1	ATcTCATCAAAATTGAcCTG	2	c3A,c17T	2661574-2661594	25	R	F
GAATTTCACCCGCAATAATG	GAATTTCACCCGCAATAATG	20	GO593_02145	CP046654.1	GAgTTTCACCCGCAtTAATG	2	g3A,t15A	438241-438261	1	R	R
AATCACGAGCCGTGTCCGGT	AATCACGAGCCGTGTCCGGT	20	GO593_07570	CP046654.1	AATCACGAGtCGTGTCgGGT	2	t10C,g17C	1589305-1589325	890	R	F
ATCCAACAGCAAGCGCCACG	ATCCAACAGCAAGCGCCACG	20	GO593_06310	CP046654.1	ATCCAACAGCAAtCGaCACG	2	t13G,a16C	1337326-1337346	1008	R	R
AAAGTTCGGATCGTAATAGT	AAAGTTCGGATCGTAATAGT	20	GO593_16455	CP046654.1	AAAGTTCGGATaGTAAaAGT	2	a12C,a17T	3433927-3433947	107	R	F
TTTTATTAATTTATTTATTT	TTTTATTAATTTATTTATTT	20	None	CP046654.1	TTTTATTAATTTAaTgATTT	2	a14T,g16T	2293084-2293104	None	R	
TTTTATTAATTTATTTATTT	TTTTATTAATTTATTTATTT	20	None	CP046654.1	TTTTATTAATTcATaTATTT	2	c12T,a15T	1167433-1167453	None	F	
TTTTATTAATTTATTTATTT	TTTTATTAATTTATTTATTT	20	GO593_16295	CP046654.1	TTcTATTAATTTAaTTATTT	2	c3T,a14T	3401770-3401790	102	F	F
TTTTATTAATTTATTTATTT	TTTTATTAATTTATTTATTT	20	None	CP046654.1	TTTTtTTAATTTATTTATTa	2	t5A,a20T	3178298-3178318	None	F	
CTTCATTACATAACTTCTCC	CTTCATTACATAACTTCTCC	20	GO593_03400	CP046654.1	tTTCATTACAcAACTTCTCC	2	t1C,c11T	734425-734445	-15	F	R
TTTAATATCGTCAGCCATAG	TTTAATATCGTCAGCCATAG	20	GO593_12805	CP046654.1	gTTAAgATCGTCAGCCATAG	2	g1T,g6T	2663249-2663269	719	R	F
ATAACAATAAAGAAAAGAGG	ATAACAATAAAGAAAAGAGG	20	None	CP046654.1	ATAACAATAAAccAAAGAGG	2	c12G,c13A	61727-61747	None	F	
TTCGCCGCTTTTCAGGGTCA	TTCGCCGCTTTTCAGGGTCA	20	GO593_10240	CP046654.1	TTgGaCGCTTTTCAGGGTCA	2	g3C,a5C	2162129-2162149	241	F	R
CAAGCAAAAATGAAAGGCTG	CAAGCAAAAATGAAAGGCTG	20	GO593_01095	CP046654.1	CAAGCAAAAATGAAAGGtTt	2	t18C,t20G	200691-200711	676	F	F
AACTTTTTTGAATATCAGGT	AACTTTTTTGAATATCAGGT	20	None	CP046654.1	AAaTTTTTTGAATATaAGGT	2	a3C,a16C	2890241-2890261	None	F	
GTAAAAGTCGAAGAACTCAA	GTAAAAGTCGAAGAACTCAA	20	GO593_03305	CP046654.1	aTAAAAGTCGAAGAACTCAA	1	a1G	713048-713068	89	R	F
GTAAAAGTCGAAGAACTCAA	GTAAAAGTCGAAGAACTCAA	20	GO593_16935	CP046654.1	cTAAAAGTCGAAGAACTCAg	2	c1G,g20A	3550055-3550075	56	R	R
AAAAACGAACACCAGGACAA	AAAAACGAACACCAGGACAA	20	GO593_02480	CP046654.1	AAAAACGAgCAaCAGGACAA	2	g9A,a12C	541347-541367	765	R	R
AATAAATAAGATTAAGGAAT	AATAAATAAGATTAAGGAAT	20	GO593_16595	CP046654.1	AATAAATAAaATTAAaGAAT	2	a10G,a16G	3470860-3470880	685	R	R
TGCGATGCCAAGTACAGTCG	TGCGATGCCAAGTACAGTCG	20	GO593_18900	CP046654.1	cGCGtTGCCAAGTACAGTCG	2	c1T,t5A	3969437-3969457	868	R	R
ATATAGTGGAACAGGAACGG	ATATAGTGGAACAGGAACGG	20	GO593_18220	CP046654.1	tTATAGTGGAACAGGcACGG	2	t1A,c16A	3819218-3819238	319	R	R
CAGTCATTGAAGCATTACGT	CAGTCATTGAAGCATTACGT	20	GO593_06540	CP046654.1	CAGTgATTGAAGCAgTACGT	2	g5C,g15T	1383400-1383420	375	R	F
TGGCACAAAAGTTAATGACG	TGGCACAAAAGTTAATGACG	20	GO593_14065	CP046654.1	TGGCtCAAAAGTTAATGAgG	2	t5A,g19C	2935642-2935662	1615	R	R
CAGATATTTTATTTTCAATC	CAGATATTTTATTTTCAATC	20	GO593_05885	CP046654.1	CAGATATTTTtTcTTCAATC	2	t11A,c13T	1248724-1248744	3	R	F
CATCTTTTTTAATATCATTG	CATCTTTTTTAATATCATTG	20	GO593_00050	CP046654.1	CATgTTTTTTAATATCATTa	2	g4C,a20G	6170-6190	18	R	F
GTTTCAACTTCGGGTAATTC	GTTTCAACTTCGGGTAATTC	20	GO593_03170	CP046654.1	GTTTCgACTTCGGGTAAcTC	2	g6A,c18T	682645-682665	7	R	F
TTTTTCAGTTCCAGTTTTTC	TTTTTCAGTTCCAGTTTTTC	20	GO593_05630	CP046654.1	TgTTTCAGTTCCAGTTgTTC	2	g2T,g17T	1190935-1190955	362	F	R
TCTTCAAAAAGGAGACGGAA	TCTTCAAAAAGGAGACGGAA	20	None	CP046654.1	TtTTCAAAAAGGAGAaGGAA	2	t2C,a16C	1018540-1018560	None	R	
TTTTAGTAGCCATACGAGCA	TTTTAGTAGCCATACGAGCA	20	GO593_06225	CP046654.1	cTTTAGTtGCCATACGAGCA	2	c1T,t8A	1321791-1321811	57	R	F
GCGTGCCTTTGCCTGCGGCA	GCGTGCCTTTGCCTGCGGCA	20	GO593_05790	CP046654.1	GCGTtCCTTTGCCTGCaGCA	2	t5G,a17G	1224964-1224984	24	R	F
TCGATGGCTGCCATTAATGG	TCGATGGCTGCCATTAATGG	20	GO593_15795	CP046654.1	TCGATGGgTGCCATTAATGG	1	g8C	3295588-3295608	400	F	F
CCAGCTGAAGGTTATTCAGG	CCAGCTGAAGGTTATTCAGG	20	GO593_18225	CP046654.1	CCAaCTGAAGGTTATTtAGG	2	a4G,t17C	3820918-3820938	1862	R	R
TATTGATGGTGAAAAAGTTC	TATTGATGGTGAAAAAGTTC	20	GO593_03070	CP046654.1	TATTGATGtTGAAAAAGTaC	2	t9G,a19T	658724-658744	3388	R	R
AATTAGGGTGGCGGAACGGA	AATTAGGGTGGCGGAACGGA	20	None	CP046654.1	AATTAtGGTGGCaGAACGGA	2	t6G,a13G	3543549-3543569	None	F	
CAACACCCGGTTTTGGAGAC	CAACACCCGGTTTTGGAGAC	20	GO593_07920	CP046654.1	CAACAttCGGTTTTGGAGAC	2	t6C,t7C	1659490-1659510	30	R	F
TGACTACTTTTTTACCCTGA	TGACTACTTTTTTACCCTGA	20	GO593_04065	CP046654.1	TtACTACTTTTTTACCCTtA	2	t2G,t19G	869383-869403	520	F	R
AATCGGATGCAATCGGGTGC	AATCGGATGCAATCGGGTGC	20	GO593_01580	CP046654.1	AATCGGAcGCAATCGGGTtC	2	c8T,t19G	319119-319139	445	R	F
GCTCTATCCAGCTGAGCTAC	GCTCTATCCAGCTGAGCTAC	20	GO593_09745	CP046654.1	GCTCTATCCAaCTGAGCTAC	1	a11G	2052498-2052518	7	R	F
GCTCTATCCAGCTGAGCTAC	GCTCTATCCAGCTGAGCTAC	20	GO593_03985	CP046654.1	GCTCTATCCAGCTGAGCTAt	1	t20C	851688-851708	5	F	R
GCTCTATCCAGCTGAGCTAC	GCTCTATCCAGCTGAGCTAC	20	GO593_04000	CP046654.1	GCTCTATCCAGCTGAGCTAt	1	t20C	855540-855560	5	F	R
GCTCTATCCAGCTGAGCTAC	GCTCTATCCAGCTGAGCTAC	20	GO593_04005	CP046654.1	GCTCTATCCAGCTGAGCTAt	1	t20C	855656-855676	5	F	R
GCTCTATCCAGCTGAGCTAC	GCTCTATCCAGCTGAGCTAC	20	GO593_06140	CP046654.1	GCTCTAaCCAaCTGAGCTAC	2	a7T,a11G	1301151-1301171	5	F	R
GCTCTATCCAGCTGAGCTAC	GCTCTATCCAGCTGAGCTAC	20	GO593_03860	CP046654.1	GCTCTAaCCAaCTGAGCTAC	2	a7T,a11G	828044-828064	5	F	R
GCTCTATCCAGCTGAGCTAC	GCTCTATCCAGCTGAGCTAC	20	GO593_03695	CP046654.1	GCTCTAaCCAaCTGAGCTAC	2	a7T,a11G	795825-795845	5	F	R
GCTCTATCCAGCTGAGCTAC	GCTCTATCCAGCTGAGCTAC	20	GO593_09560	CP046654.1	GCTCTAaCCAaCTGAGCTAC	2	a7T,a11G	2015538-2015558	7	R	F
GCTCTATCCAGCTGAGCTAC	GCTCTATCCAGCTGAGCTAC	20	GO593_06395	CP046654.1	GCTCTAaCCAaCTGAGCTAC	2	a7T,a11G	1355422-1355442	7	R	F
GCTCTATCCAGCTGAGCTAC	GCTCTATCCAGCTGAGCTAC	20	GO593_10470	CP046654.1	GCTCTAaCCAaCTGAGCTAC	2	a7T,a11G	2199600-2199620	7	R	F
GCTCTATCCAGCTGAGCTAC	GCTCTATCCAGCTGAGCTAC	20	GO593_10425	CP046654.1	GCTCTAaCCAaCTGAGCTAC	2	a7T,a11G	2189446-2189466	7	R	F
GCTCTATCCAGCTGAGCTAC	GCTCTATCCAGCTGAGCTAC	20	GO593_07460	CP046654.1	GCTCTAaCCAaCTGAGCTAC	2	a7T,a11G	1565804-1565824	7	R	F
GCTCTATCCAGCTGAGCTAC	GCTCTATCCAGCTGAGCTAC	20	GO593_00445	CP046654.1	aCTCTATCCAaCTGAGCTAC	2	a1G,a11G	84519-84539	7	R	F
ACAACTGGAATCACAATCCA	ACAACTGGAATCACAATCCA	20	GO593_09750	CP046654.1	ACAACTGGAATCACAATCCA	0	-	2052629-2052649	28	R	F
GACAACTGGAATCACAATCC	GACAACTGGAATCACAATCC	20	GO593_09750	CP046654.1	GACAACTGGAATCACAATCC	0	-	2052630-2052650	29	R	F
GGATTCGAACCCACGACAAC	GGATTCGAACCCACGACAAC	20	GO593_09750	CP046654.1	GGATTCGAACCCgCGACAAC	1	g13A	2052644-2052664	43	R	F
GATTCGAACCTCCGACCCAC	GATTCGAACCTCCGACCCAC	20	GO593_09740	CP046654.1	GATTCGAACCTaCGACCCcC	2	a12C,c19A	2052401-2052421	43	R	F
GATTCGAACCTCCGACCCAC	GATTCGAACCTCCGACCCAC	20	GO593_09755	CP046654.1	GATTCGAACCTaCGACCCcC	2	a12C,c19A	2052724-2052744	43	R	F
TGCAAGTGGGCTTTGGCGTG	TGCAAGTGGGCTTTGGCGTG	20	GO593_07835	CP046654.1	aGCAAGTGGGCTTTGtCGTG	2	a1T,t16G	1645613-1645633	35	R	F
TTCTACATCGGTGTGTAAAT	TTCTACATCGGTGTGTAAAT	20	GO593_01210	CP046654.1	TTCTACATCGGTaTGTAAAT	1	a13G	231333-231353	375	F	R
TTCTACATCGGTGTGTAAAT	TTCTACATCGGTGTGTAAAT	20	GO593_14160	CP046654.1	TTCTAaATCGGTaTGTAAAT	2	a6C,a13G	2955258-2955278	275	R	F
GTTTTCCACGCTCATCAACC	GTTTTCCACGCTCATCAACC	20	GO593_11015	CP046654.1	GTTTaCCAtGCTCATCAACC	2	a5T,t9C	2322063-2322083	363	R	F
GTTGATCATAAAAATTAAAT	GTTGATCATAAAAATTAAAT	20	None	CP046654.1	GTTGtTCtTAAAAATTAAAT	2	t5A,t8A	2438283-2438303	None	R	
TATACCCCAAATAAAATAAG	TATACCCCAAATAAAATAAG	20	None	CP046654.1	TATACCCCAAAcAAAATAtG	2	c12T,t19A	3089989-3090009	None	R	
CTTTTTGCCAGGCTGGCTGG	CTTTTTGCCAGGCTGGCTGG	20	GO593_04820	CP046654.1	CTTTTTGCCAGttTGGCTGG	2	t12G,t13C	1018103-1018123	295	F	R
AATTGCAGCAGGTTAAGGTC	AATTGCAGCAGGTTAAGGTC	20	GO593_03375	CP046654.1	AATTGCAGCAcGTTtAGGTC	2	c11G,t15A	729143-729163	397	R	R
CCAGTCATTACTGACTGGGG	CCAGTCATTACTGACTGGGG	20	GO593_07055	CP046654.1	CCAcTCATTACTGACTGGGa	2	c4G,a20G	1480696-1480716	343	F	F
CTGCGTGAGTTTGAAGATGA	CTGCGTGAGTTTGAAGATGA	20	GO593_02890	CP046654.1	CTGCGTGAGTTTGtAGATGA	1	t14A	626769-626789	704	R	R
CTGTTCTTTACCTTTAGTAT	CTGTTCTTTACCTTTAGTAT	20	GO593_01005	CP046654.1	CTGTTCTTTACCcTTAGTAT	1	c13T	174621-174641	66	F	R
CAGCCGCATATTTAAATGAA	CAGCCGCATATTTAAATGAA	20	GO593_08160	CP046654.1	CAGtCGCATATTTAAtTGAA	2	t4C,t16A	1712406-1712426	123	R	R
TGTCCGACAACGGCAACTTT	TGTCCGACAACGGCAACTTT	20	GO593_03315	CP046654.1	TGTCCGcCAtCGGCAACTTT	2	c7A,t10A	716859-716879	755	F	R
TTGCAGGAACTGGTGTGAGT	TTGCAGGAACTGGTGTGAGT	20	GO593_14855	CP046654.1	TTGCAGGAACTGGTGcaAGT	2	c16T,a17G	3103616-3103636	663	R	F
ACCAATACCGGCAGCCACAA	ACCAATACCGGCAGCCACAA	20	GO593_14885	CP046654.1	tCCAATACCGGCAGCCACtA	2	t1A,t19A	3108160-3108180	702	F	R
AAAAAAGCGCGAAAACTTAC	AAAAAAGCGCGAAAACTTAC	20	GO593_15375	CP046654.1	AAAAAAGCGaaAAAACTTAC	2	a10C,a11G	3213382-3213402	53	R	R
ATTAAATCCGGTAAAGTTAT	ATTAAATCCGGTAAAGTTAT	20	GO593_15340	CP046654.1	ATTAAATCCGGTtAAGTTAa	2	t13A,a20T	3205669-3205689	180	F	F
ATTCAGGGCATCCCGCTGGC	ATTCAGGGCATCCCGCTGGC	20	GO593_12055	CP046654.1	AgTCAGGGCATCCtGCTGGC	2	g2T,t14C	2522926-2522946	743	R	F
AGCGTTTCAACGTGGCTTGC	AGCGTTTCAACGTGGCTTGC	20	GO593_09025	CP046654.1	AaCGTTTCAACtTGGCTTGC	2	a2G,t12G	1903766-1903786	991	R	F
TTCGCCCGGCGCAATATCAC	TTCGCCCGGCGCAATATCAC	20	GO593_00150	CP046654.1	TTCaCCCGGaGCAATATCAC	2	a4G,a10C	25374-25394	663	F	R
CTCTACCTACTGAGCTAAGT	CTCTACCTACTGAGCTAAGT	20	GO593_03855	CP046654.1	CTCTACCaACTaAGCTAAGT	2	a8T,a12G	827914-827934	3	F	R
CTCTACCTACTGAGCTAAGT	CTCTACCTACTGAGCTAAGT	20	GO593_03690	CP046654.1	CTCTACCaACTaAGCTAAGT	2	a8T,a12G	795695-795715	3	F	R
CTCTACCTACTGAGCTAAGT	CTCTACCTACTGAGCTAAGT	20	GO593_06135	CP046654.1	CTCTACCaACTaAGCTAAGT	2	a8T,a12G	1301021-1301041	3	F	R
CTCTACCTACTGAGCTAAGT	CTCTACCTACTGAGCTAAGT	20	GO593_03035	CP046654.1	CTCTACCaACTGAGCTAAGc	2	a8T,c20T	653407-653427	3	F	R
CTCTACCTACTGAGCTAAGT	CTCTACCTACTGAGCTAAGT	20	GO593_03010	CP046654.1	CTCTACCaACTGAGCTAAGc	2	a8T,c20T	652827-652847	3	F	R
CTCTACCTACTGAGCTAAGT	CTCTACCTACTGAGCTAAGT	20	GO593_03020	CP046654.1	CTCTACCaACTGAGCTAAGc	2	a8T,c20T	653085-653105	3	F	R
CTCTACCTACTGAGCTAAGT	CTCTACCTACTGAGCTAAGT	20	GO593_07465	CP046654.1	CTCTACCaACTaAGCTAAGT	2	a8T,a12G	1565934-1565954	5	R	F
CTCTACCTACTGAGCTAAGT	CTCTACCTACTGAGCTAAGT	20	GO593_09565	CP046654.1	CTCTACCaACTaAGCTAAGT	2	a8T,a12G	2015668-2015688	5	R	F
CTCTACCTACTGAGCTAAGT	CTCTACCTACTGAGCTAAGT	20	GO593_06400	CP046654.1	CTCTACCaACTaAGCTAAGT	2	a8T,a12G	1355552-1355572	5	R	F
TGCTACGCGGCCTTCAAAAC	TGCTACGCGGCCTTCAAAAC	20	GO593_11515	CP046654.1	TGCTACGCcGCCTTCAAAgC	2	c9G,g19A	2429645-2429665	887	R	F
ATTTCAACCACTTCTTCGGT	ATTTCAACCACTTCTTCGGT	20	GO593_07930	CP046654.1	ATTTCtACCACTTCTTCGGT	1	t6A	1660180-1660200	121	R	F
TACAGCTACAGCAGCAGCAG	TACAGCTACAGCAGCAGCAG	20	GO593_07950	CP046654.1	aACAGCTACAGCAGCtGCAG	2	a1T,t16A	1662798-1662818	101	R	F
CTTTAGCTTCTTTCAGACCC	CTTTAGCTTCTTTCAGACCC	20	GO593_07950	CP046654.1	CTTTAGCTTCTTTaAGACCa	2	a14C,a20C	1662940-1662960	243	R	F
CCATATGGCAATTCTCCCTT	CCATATGGCAATTCTCCCTT	20	GO593_10510	CP046654.1	CCATATGGCAATTCTCCCgT	1	g19T	2207934-2207954	-15	R	F
GCCCTGCTCAAACCCGACAT	GCCCTGCTCAAACCCGACAT	20	GO593_13545	CP046654.1	GCCCTGCTCAAtCaCGACAT	2	t12A,a14C	2811408-2811428	185	R	F
CATCACCAAAACCGGTTTGC	CATCACCAAAACCGGTTTGC	20	GO593_10305	CP046654.1	CATCACCAAgACaGGTTTGC	2	g10A,a13C	2171386-2171406	90	F	R
GGCAATTTTGATTTCTTTAC	GGCAATTTTGATTTCTTTAC	20	GO593_00920	CP046654.1	aGCAAgTTTGATTTCTTTAC	2	a1G,g6T	156258-156278	68	R	F
CGCGCTTAACCATTTAGCTA	CGCGCTTAACCATTTAGCTA	20	GO593_04130	CP046654.1	CGCGCTTAACCATTTcGaTA	2	c16A,a18C	876737-876757	214	F	R
TTTTTCTGCAACAAAGAAAT	TTTTTCTGCAACAAAGAAAT	20	GO593_14670	CP046654.1	TTTTTCTGCAACAAAGAAAa	1	a20T	3065844-3065864	423	F	R
TCAAAAGTACATTGTTCAAT	TCAAAAGTACATTGTTCAAT	20	GO593_10790	CP046654.1	cCAAAAGTACATTcTTCAAT	2	c1T,c14G	2264978-2264998	130	R	F
AAAGCAGACGCAAGAAATAG	AAAGCAGACGCAAGAAATAG	20	GO593_11845	CP046654.1	AAAGCAGACGCAgGAAATtG	2	g13A,t19A	2475114-2475134	1995	F	F
GCGCTGAATCAAACTCTGAC	GCGCTGAATCAAACTCTGAC	20	GO593_02070	CP046654.1	GCGCTGAATCAAACTgTGAt	2	g16C,t20C	421077-421097	931	F	F
CAACGCCTTTTCCTGCTCTT	CAACGCCTTTTCCTGCTCTT	20	GO593_12470	CP046654.1	CAACGtCTTTTtCTGCTCTT	2	t6C,t12C	2608655-2608675	305	R	F
CAGCGCCTGATGCTGATTGA	CAGCGCCTGATGCTGATTGA	20	GO593_13205	CP046654.1	CAGCGCCTGATGCaGcTTGA	2	a14T,c16A	2753660-2753680	597	R	F
CAGCGCCTGATGCTGATTGA	CAGCGCCTGATGCTGATTGA	20	GO593_08645	CP046654.1	CAGCGCCTGATGCcGcTTGA	2	c14T,c16A	1820845-1820865	481	F	R
GTTGGCGAGAAAGCTGTAAC	GTTGGCGAGAAAGCTGTAAC	20	GO593_08770	CP046654.1	GTTGtCGAGAAAcCTGTAAC	2	t5G,c13G	1846495-1846515	223	F	F
ACGTTATGCAGCGAATCCAG	ACGTTATGCAGCGAATCCAG	20	GO593_03330	CP046654.1	AaGTTATGCAGCaAATCCAG	2	a2C,a13G	720165-720185	272	F	F
CGTCACCAACCATCCATAAA	CGTCACCAACCATCCATAAA	20	GO593_03510	CP046654.1	CGTCACCAACaATCCATAAA	1	a11C	759177-759197	610	F	R
CATTAATGTAAAATTTATTG	CATTAATGTAAAATTTATTG	20	GO593_14260	CP046654.1	CATTtATGaAAAATTTATTG	2	t5A,a9T	2975353-2975373	900	F	F
GTTACGGCCTTTTGGACCGA	GTTACGGCCTTTTGGACCGA	20	GO593_02305	CP046654.1	GTTACGGCCTTTaGGACCtA	2	a13T,t19G	478549-478569	90	F	R
TGCATTCGGATTTGCCTGCG	TGCATTCGGATTTGCCTGCG	20	GO593_02065	CP046654.1	aGCATTCaGATTTGCCTGCG	2	a1T,a8G	419437-419457	791	R	F
TTTACCTTCGTCACCCCATT	TTTACCTTCGTCACCCCATT	20	GO593_12910	CP046654.1	TTTACCTTCGTCgCCCCATT	1	g13A	2685758-2685778	32	R	F
CACTTTCATCTTCATGATCA	CACTTTCATCTTCATGATCA	20	GO593_03770	CP046654.1	CACTTTCATCTTCtTGATCA	1	t14A	810207-810227	353	R	F
TAGCAAAAGCACAGCCAGAA	TAGCAAAAGCACAGCCAGAA	20	GO593_04995	CP046654.1	TtGCAAAAGCtCAGCCAGAA	2	t2A,t11A	1052895-1052915	206	F	F
AACGGCAGAACTTGCGACGA	AACGGCAGAACTTGCGACGA	20	GO593_18620	CP046654.1	AgCGGCAGAACTTGCGACGA	1	g2A	3912823-3912843	18	R	F
TGCACAATTTTTAAAAACCA	TGCACAATTTTTAAAAACCA	20	GO593_04340	CP046654.1	TGaACAATaTTTAAAAACCA	2	a3C,a9T	912580-912600	540	F	F
ACCTTGCCAATATCCAGTCC	ACCTTGCCAATATCCAGTCC	20	GO593_17980	CP046654.1	ACaTTGCCAAaATCCAGTCC	2	a3C,a11T	3764325-3764345	754	F	R
TTGATGTAACCGTAGTTGCA	TTGATGTAACCGTAGTTGCA	20	GO593_17345	CP046654.1	TTGATGaAAtCGTAGTTGCA	2	a7T,t10C	3635269-3635289	1380	R	R
CCGTTACTTCATGGCCTAAC	CCGTTACTTCATGGCCTAAC	20	GO593_07955	CP046654.1	CCaTTACTTCATGGCtTAAC	2	a3G,t16C	1664325-1664345	951	R	F
TCAACGGGAAGAAAAACGGC	TCAACGGGAAGAAAAACGGC	20	GO593_11485	CP046654.1	TCAACGtGAAGAAAAACGcC	2	t7G,c19G	2420351-2420371	499	R	R
AAAAACTCTAAAAATGCTCC	AAAAACTCTAAAAATGCTCC	20	GO593_01525	CP046654.1	AAAAACTCTAAAAATGtTCa	2	t17C,a20C	304615-304635	96	F	F
CAGGATTATCCTGCAGCGTC	CAGGATTATCCTGCAGCGTC	20	GO593_01580	CP046654.1	CAGGATTATCCgGCAGaGTC	2	g12T,a17C	318897-318917	223	F	F
ATTGATCTCTTCCATAATTT	ATTGATCTCTTCCATAATTT	20	GO593_05805	CP046654.1	ATTcATCTCTTtCATAATTT	2	c4G,t12C	1229516-1229536	168	F	R
ATTTTATCTATATTTTTGGC	ATTTTATCTATATTTTTGGC	20	GO593_08530	CP046654.1	ATTTTAgCTATATTaTTGGC	2	g7T,a15T	1796713-1796733	513	R	R
GCAATATTTTCTCCATTTTC	GCAATATTTTCTCCATTTTC	20	GO593_11460	CP046654.1	tCAtTATTTTCTCCATTTTC	2	t1G,t4A	2416498-2416518	-15	R	F
GCAATATTTTCTCCATTTTC	GCAATATTTTCTCCATTTTC	20	GO593_10155	CP046654.1	GCAATtTTTTCgCCATTTTC	2	t6A,g12T	2141429-2141449	951	R	F
TAATTTTTATGGTTAAAAGC	TAATTTTTATGGTTAAAAGC	20	GO593_02525	CP046654.1	TAATTTTTATGGTTAAAgtC	2	g18A,t19G	552749-552769	-9	R	R
AAGTAAAGAGGCCACTAAAT	AAGTAAAGAGGCCACTAAAT	20	GO593_18645	CP046654.1	AAGTAcAGAGGCCACTAAAT	1	c6A	3917505-3917525	295	R	R
CCATCATTGCCATGAACATC	CCATCATTGCCATGAACATC	20	GO593_05650	CP046654.1	CCATCATgGCCATGAtCATC	2	g8T,t16A	1196518-1196538	1412	F	R
GTTTTATTGCCTGAAATTTC	GTTTTATTGCCTGAAATTTC	20	GO593_03575	CP046654.1	tTTTTATcGCCTGAAATTTC	2	t1G,c8T	773619-773639	361	F	F
GCCGAATTCGTTTTCAATCA	GCCGAATTCGTTTTCAATCA	20	GO593_07185	CP046654.1	GCCGAATTtcTTTTCAATCA	2	t9C,c10G	1513583-1513603	674	R	F
GCCGAATTCGTTTTCAATCA	GCCGAATTCGTTTTCAATCA	20	GO593_00470	CP046654.1	GCCGAATTCtTTTTCAATCg	2	t10G,g20A	90271-90291	14	R	R
TCATGTACGGCTTGTCGGGA	TCATGTACGGCTTGTCGGGA	20	GO593_05970	CP046654.1	TCATGaACGGCTTGTCGaGA	2	a6T,a18G	1264996-1265016	1016	R	F
TTTTTTGCAGGCGTTGCATC	TTTTTTGCAGGCGTTGCATC	20	GO593_09675	CP046654.1	TTTTTTGCAGGaGTTGCATC	1	a12C	2041276-2041296	1420	R	F
GAGAAATAATGGCAAAAGTG	GAGAAATAATGGCAAAAGTG	20	GO593_03265	CP046654.1	GAcAcATAATGGCAAAAGTG	2	c3G,c5A	704777-704797	231	R	F
ATAAAGTTAATGATGATAGC	ATAAAGTTAATGATGATAGC	20	None	CP046654.1	ATAAAGTTAATGATaATAGa	2	a15G,a20C	2113280-2113300	None	F	
AATAAAGTTAATGATGATAG	AATAAAGTTAATGATGATAG	20	None	CP046654.1	tATAAAGTTAATGATaATAG	2	t1A,a16G	2113279-2113299	None	F	
TAACTCGACGTTTCGCCCGA	TAACTCGACGTTTCGCCCGA	20	GO593_06605	CP046654.1	TAcCTgGACGTTTCGCCCGA	2	c3A,g6C	1396160-1396180	741	F	F
AATTATTATGATGAGTTACA	AATTATTATGATGAGTTACA	20	GO593_17180	CP046654.1	AATTATTATGATGAaTTACc	2	a15G,c20A	3602086-3602106	208	F	R
ACTCAGACATAAAAAAAACC	ACTCAGACATAAAAAAAACC	20	None	CP046654.1	AtTCAGACATAAAAAAAgCC	2	t2C,g18A	1920044-1920064	None	F	
GCAAGAATGCCAGCAATGAC	GCAAGAATGCCAGCAATGAC	20	GO593_06480	CP046654.1	GCAAGAcTGgCAGCAATGAC	2	c7A,g10C	1372936-1372956	38	F	R
GCCATAAATAGCAGCAACTT	GCCATAAATAGCAGCAACTT	20	GO593_08045	CP046654.1	GCCgTtAATAGCAGCAACTT	2	g4A,t6A	1688500-1688520	315	F	R
GTTGGATCAGGTTTCACTTC	GTTGGATCAGGTTTCACTTC	20	GO593_09495	CP046654.1	GTTtGAgCAGGTTTCACTTC	2	t4G,g7T	2001140-2001160	902	F	R
TCACGAGACATCGGCAAAAA	TCACGAGACATCGGCAAAAA	20	GO593_07515	CP046654.1	TCtCGtGACATCGGCAAAAA	2	t3A,t6A	1575681-1575701	88	R	F
TTATTATCTTTGATTTCAAT	TTATTATCTTTGATTTCAAT	20	GO593_02315	CP046654.1	TTATTATtTTTGATTTCAAT	1	t8C	484398-484418	4661	F	R
GATTTTTTGCGCGATAAAGT	GATTTTTTGCGCGATAAAGT	20	GO593_10500	CP046654.1	GATgTTTgGCGCGATAAAGT	2	g4T,g8T	2205042-2205062	1065	F	R
TTGTCACTATGCTGGCATAA	TTGTCACTATGCTGGCATAA	20	GO593_15655	CP046654.1	TTaTCACTATGCTGGCATAt	2	a3G,t20A	3267957-3267977	-7	F	F
ATTTTTTCACGAACTTCAAC	ATTTTTTCACGAACTTCAAC	20	GO593_15730	CP046654.1	ATTTTTTCAaGcACTTCAAC	2	a10C,c12A	3284611-3284631	1336	R	F
GTCGATATTCTTCAGCTGAC	GTCGATATTCTTCAGCTGAC	20	GO593_07695	CP046654.1	GaCGgTATTCTTCAGCTGAC	2	a2T,g5A	1615411-1615431	288	R	F
GTCGATATTCTTCAGCTGAC	GTCGATATTCTTCAGCTGAC	20	GO593_18680	CP046654.1	GTtGATATTgTTCAGCTGAC	2	t3C,g10C	3925563-3925583	534	R	F
CACAGTTCACGTAAATCTTT	CACAGTTCACGTAAATCTTT	20	GO593_12340	CP046654.1	CACAGTTCACGTAAAcCTTT	1	c16T	2578804-2578824	622	R	F
CACAGTTCACGTAAATCTTT	CACAGTTCACGTAAATCTTT	20	GO593_04465	CP046654.1	CACAGTTCACGTAAAcCTTT	1	c16T	941166-941186	623	F	R
TTCCTGACTCTCTGTATTAC	TTCCTGACTCTCTGTATTAC	20	GO593_11230	CP046654.1	aTCCTGACTCTCcGTATTAC	2	a1T,c13T	2369233-2369253	90	R	R
AAAAAAAGCCGGCATCATGC	AAAAAAAGCCGGCATCATGC	20	None	CP046654.1	AAAAAAAGCCcGCATCAaGC	2	c11G,a18T	1752013-1752033	None	R	
CAAAGTTATGCACTTGCAAG	CAAAGTTATGCACTTGCAAG	20	GO593_02905	CP046654.1	CcAAtTTATGCACTTGCAAG	2	c2A,t5G	629324-629344	146	R	R
TCATTTTTACCACCTTTATC	TCATTTTTACCACCTTTATC	20	GO593_15145	CP046654.1	TgATTTTTACCAtCTTTATC	2	g2C,t13C	3165379-3165399	772	R	F
CTGAAATTTCTTTTTTTCAT	CTGAAATTTCTTTTTTTCAT	20	GO593_17395	CP046654.1	CaGAAATTTCTTTTTTTaAT	2	a2T,a18C	3646930-3646950	210	R	R
AGACTGAAGCGCCGCAATGC	AGACTGAAGCGCCGCAATGC	20	GO593_05315	CP046654.1	AGACTGAAGCGCCGCAAgaC	2	g18T,a19G	1119077-1119097	1392	F	R
CGGTATTGTTATCAGTCATG	CGGTATTGTTATCAGTCATG	20	GO593_02155	CP046654.1	tGGTATTGTcATCAGTCATG	2	t1C,c10T	439130-439150	906	R	R
AAAAGATTAGATTGGTTTTA	AAAAGATTAGATTGGTTTTA	20	GO593_16260	CP046654.1	AAAAGATgtGATTGGTTTTA	2	g8T,t9A	3395485-3395505	1297	R	R
TTGCTTCAATTGCATATCCC	TTGCTTCAATTGCATATCCC	20	GO593_01380	CP046654.1	TTcCTgCAATTGCATATCCC	2	c3G,g6T	271819-271839	142	F	R
ATAGAAATGGAGAAATAAAT	ATAGAAATGGAGAAATAAAT	20	GO593_14845	CP046654.1	ATAaAAATGGAGAAATcAAT	2	a4G,c17A	3101074-3101094	-5	F	F
AGAAAAAATAAATATAATTT	AGAAAAAATAAATATAATTT	20	GO593_12370	CP046654.1	AGAAAAAAcAAATATAAcTT	2	c9T,c18T	2584414-2584434	426	F	F
CTTTACGTAACCAGTAATGG	CTTTACGTAACCAGTAATGG	20	GO593_18780	CP046654.1	CTaTACGTAACCAGTAATGc	2	a3T,c20G	3945408-3945428	172	F	R
ATTAAAAAAACATAAAAGCT	ATTAAAAAAACATAAAAGCT	20	GO593_13925	CP046654.1	ATTAAAAAAAtATAAAAtCT	2	t11C,t18G	2904619-2904639	168	F	F
ATTAAAAAAACATAAAAGCT	ATTAAAAAAACATAAAAGCT	20	GO593_10940	CP046654.1	ATTAAAAAAtaATAAAAGCT	2	t10A,a11C	2301554-2301574	70	R	F
TTTATTTAAAAAGACAATTA	TTTATTTAAAAAGACAATTA	20	GO593_14450	CP046654.1	TTTATTTAAAAAGgCAcTTA	2	g14A,c17A	3020626-3020646	741	F	R
TTTATTTAAAAAGACAATTA	TTTATTTAAAAAGACAATTA	20	GO593_03130	CP046654.1	TcaATTTAAAAAGACAATTA	2	c2T,a3T	674282-674302	446	F	R
TAAATATATCAAAAATTAAT	TAAATATATCAAAAATTAAT	20	None	CP046654.1	TAAATATATtAAAAATTAtT	2	t10C,t19A	1747484-1747504	None	R	
AGTTATAAAATAATTAATTA	AGTTATAAAATAATTAATTA	20	None	CP046654.1	AGTTATtAAATAATTAtTTA	2	t7A,t17A	3123915-3123935	None	F	
TGCCAATCCCTAATTTTATT	TGCCAATCCCTAATTTTATT	20	GO593_09790	CP046654.1	TGCCAATCCagAATTTTATT	2	a10C,g11T	2061260-2061280	236	F	R
AACCAGTCATCAAGACAGAC	AACCAGTCATCAAGACAGAC	20	GO593_13315	CP046654.1	AACCAGTCATCAAcACAGAt	2	c14G,t20C	2769037-2769057	621	R	R
CAACCAGTCATCAAGACAGA	CAACCAGTCATCAAGACAGA	20	GO593_13315	CP046654.1	aAACCAGTCATCAAcACAGA	2	a1C,c15G	2769038-2769058	620	R	R
GACGTGCAGCTTTATTTTTG	GACGTGCAGCTTTATTTTTG	20	GO593_15690	CP046654.1	GACGaGCAGCTTTATTTTTG	1	a5T	3275044-3275064	202	F	R
TCAAAAAGCATCACCATCAA	TCAAAAAGCATCACCATCAA	20	GO593_01040	CP046654.1	TaAAAAAGCATCtCCATCAA	2	a2C,t13A	186870-186890	180	F	F
TCAAAATAATGCAAATGAAT	TCAAAATAATGCAAATGAAT	20	None	CP046654.1	TCAAAAaAATGCgAATGAAT	2	a7T,g13A	653504-653524	None	F	
AATGTCGGTCAGTTGGCTAA	AATGTCGGTCAGTTGGCTAA	20	GO593_16825	CP046654.1	AATGTCGGTCAGgTtGCTAA	2	g13T,t15G	3519483-3519503	953	R	F
TTAATATTTGACCAAATGTT	TTAATATTTGACCAAATGTT	20	GO593_17745	CP046654.1	TTAAcATTTGACCAAgTGTT	2	c5T,g16A	3716133-3716153	560	R	R
TTAAAACGGTCAGCAGAAAA	TTAAAACGGTCAGCAGAAAA	20	GO593_08425	CP046654.1	TTAAAACGGTtAGCAGAAcA	2	t11C,c19A	1774468-1774488	349	F	F
ACGTGTGTAATGGCGTTCAG	ACGTGTGTAATGGCGTTCAG	20	GO593_17510	CP046654.1	tCGTGTGTAATcGCGTTCAG	2	t1A,c12G	3669151-3669171	158	R	F
ATCAGCAAAAGCATTGGCAA	ATCAGCAAAAGCATTGGCAA	20	GO593_08545	CP046654.1	AcgAGCAAAAGCATTGGCAA	2	c2T,g3C	1801222-1801242	1176	F	R
CACTTGACGCGCAATAATAT	CACTTGACGCGCAATAATAT	20	GO593_01915	CP046654.1	CAtTTcACGCGCAATAATAT	2	t3C,c6G	387034-387054	209	R	F
CACGCTCAACACCATCTTCA	CACGCTCAACACCATCTTCA	20	GO593_06845	CP046654.1	CAaGCTCAACACCATaTTCA	2	a3C,a16C	1433050-1433070	1089	R	F
GATAGCGCCTAATGCTTTCA	GATAGCGCCTAATGCTTTCA	20	GO593_07620	CP046654.1	GATAGCGCtTAATGCTTTCt	2	t9C,t20A	1601012-1601032	1081	F	R
CATTTTCGGGTTCCAGCAAC	CATTTTCGGGTTCCAGCAAC	20	GO593_00870	CP046654.1	CATTTTtGGGTTCCAGaAAC	2	t7C,a17C	143722-143742	66	F	R
CGTGCGTATTTTGCTGAATT	CGTGCGTATTTTGCTGAATT	20	GO593_15890	CP046654.1	CGTGCGTATTTTtCaGAATT	2	t13G,a15T	3320137-3320157	115	F	F
GATCAGGGCGATACCATATT	GATCAGGGCGATACCATATT	20	GO593_13665	CP046654.1	GATCAGGGCtATACCAgATT	2	t10G,g17T	2840924-2840944	591	R	F
TACCCTCACCAATTTCGGCA	TACCCTCACCAATTTCGGCA	20	GO593_11740	CP046654.1	TACgCTCACCAATTTCaGCA	2	g4C,a17G	2461794-2461814	213	R	F
TACCCGCACCAATTTCGACA	TACCCGCACCAATTTCGACA	20	GO593_05490	CP046654.1	TACCtGCACCAATaTCGACA	2	t5C,a14T	1162179-1162199	625	F	R
GTTCGTTACGAATAAGATCA	GTTCGTTACGAATAAGATCA	20	GO593_01925	CP046654.1	aTTCtTTACGAATAAGATCA	2	a1G,t5G	389954-389974	375	R	F
CTTTAAAGCTGTCTGCTAAT	CTTTAAAGCTGTCTGCTAAT	20	GO593_13470	CP046654.1	CcTTAAAGCTaTCTGCTAAT	2	c2T,a11G	2792267-2792287	747	R	F
TTTTGCTTGTTTACCCATCT	TTTTGCTTGTTTACCCATCT	20	GO593_03740	CP046654.1	TTTTGCTTtTTTACCCATtT	2	t9G,t19C	805623-805643	228	F	F
TGTTGCAGTTGTACGTAGTG	TGTTGCAGTTGTACGTAGTG	20	GO593_02515	CP046654.1	TGTTGCAaTTGTACGTAtTG	2	a8G,t18G	549932-549952	2521	R	R
TGGGATCAATGGAAAAAATG	TGGGATCAATGGAAAAAATG	20	GO593_06430	CP046654.1	TtGGATCAATGGAcAAAATG	2	t2G,c14A	1361257-1361277	86	R	R
ATTCGGTTCCGGCGGGAAAC	ATTCGGTTCCGGCGGGAAAC	20	GO593_18295	CP046654.1	ATTtGGTTCtGGCGGGAAAC	2	t4C,t10C	3840057-3840077	162	F	R
GCCGATATGCTTAGTGTTGC	GCCGATATGCTTAGTGTTGC	20	GO593_04015	CP046654.1	GgCGATATGCTTcGTGTTGC	2	g2C,c13A	856617-856637	589	F	F
TATAAATCTGTTTGCCGGAT	TATAAATCTGTTTGCCGGAT	20	GO593_01545	CP046654.1	TAgAAATCTtTTTGCCGGAT	2	g3T,t10G	311421-311441	375	R	R
CGAAGGGTTAAAGCTTAGTT	CGAAGGGTTAAAGCTTAGTT	20	GO593_13060	CP046654.1	CGAAGGtTTAAAaCTTAGTT	2	t7G,a13G	2726516-2726536	1806	F	F
AGCGATTTTAATAAATTCAG	AGCGATTTTAATAAATTCAG	20	None	CP046654.1	AGCGATTTaAATAAATTaAG	2	a9T,a18C	1799068-1799088	None	R	
TGTTTTTCCGCATGAAAAAA	TGTTTTTCCGCATGAAAAAA	20	None	CP046654.1	TGTTaTTCCGCATGcAAAAA	2	a5T,c15A	1295368-1295388	None	F	
CTCAACCACCACATTACCCG	CTCAACCACCACATTACCCG	20	GO593_13545	CP046654.1	CTCAAtCACgACATTACCCG	2	t6C,g10C	2811402-2811422	179	R	F
GTGCAACAAGGTACTTTTAC	GTGCAACAAGGTACTTTTAC	20	GO593_14605	CP046654.1	GcGCAAtAAGGTACTTTTAC	2	c2T,t7C	3053299-3053319	122	R	F
GTGCAACAAGGTACTTTTAC	GTGCAACAAGGTACTTTTAC	20	GO593_02035	CP046654.1	aTGCAACAAaGTACTTTTAC	2	a1G,a10G	412713-412733	138	F	R
AACGTACTTCAACTTGTGCA	AACGTACTTCAACTTGTGCA	20	GO593_16500	CP046654.1	gACGTACTTCAACTTtTGCA	2	g1A,t16G	3446448-3446468	928	F	R
TAATCAGGTCGACATTACGC	TAATCAGGTCGACATTACGC	20	GO593_15350	CP046654.1	TAATCgGGTCGACATTAaGC	2	g6A,a18C	3208071-3208091	525	R	R
TGACGAAATCGTAAACGACA	TGACGAAATCGTAAACGACA	20	GO593_10580	CP046654.1	TGACGAAATCaTAAACaACA	2	a11G,a17G	2223383-2223403	163	F	R
AATAGTTAGTTTATTTTCAG	AATAGTTAGTTTATTTTCAG	20	GO593_13340	CP046654.1	AATtGTTgGTTTATTTTCAG	2	t4A,g8A	2773339-2773359	339	F	R
TATCCTTTTAGCATACCTGT	TATCCTTTTAGCATACCTGT	20	GO593_00250	CP046654.1	TtTCCTTTTAGCAcACCTGT	2	t2A,c14T	41330-41350	473	F	R
CGTGATTTTGTTTTTCATTG	CGTGATTTTGTTTTTCATTG	20	GO593_02680	CP046654.1	CGTGATTTTGgTaTTCATTG	2	g11T,a13T	581659-581679	1041	F	F
CTGATCAATTACCGAAAAAA	CTGATCAATTACCGAAAAAA	20	GO593_17980	CP046654.1	CTGATCAATTACCGAAAccA	2	c18A,c19A	3764623-3764643	456	R	R
GTCAGGGTTGTTTTTGAAAT	GTCAGGGTTGTTTTTGAAAT	20	GO593_12640	CP046654.1	GTCAGGGTgtTTTTTGAAAT	2	g9T,t10G	2642463-2642483	6	F	R
GTCAGGGTTGTTTTTGAAAT	GTCAGGGTTGTTTTTGAAAT	20	GO593_11575	CP046654.1	GTCAGGGTgcTTTTTGAAAT	2	g9T,c10G	2442686-2442706	6	F	R
AATACTGATAACTTCTTTCC	AATACTGATAACTTCTTTCC	20	GO593_14090	CP046654.1	AATACTGATAtCTTCTTTgC	2	t11A,g19C	2940303-2940323	191	R	F
TACACCCATTTTTTCAAGCT	TACACCCATTTTTTCAAGCT	20	GO593_01555	CP046654.1	aACACCCATTTTTTgAAGCT	2	a1T,g15C	314105-314125	698	R	F
GCATTAATCGCTGCAGACAA	GCATTAATCGCTGCAGACAA	20	GO593_12375	CP046654.1	GCATTAATCGCgGCAGcCAA	2	g12T,c17A	2585854-2585874	167	F	R
GCATTAATCGCTGCCGACAC	GCATTAATCGCTGCCGACAC	20	GO593_10665	CP046654.1	GCATTAAcCGCTGCCGAaAC	2	c8T,a18C	2239328-2239348	638	R	R
GTCAATCGACACCAGTTTTT	GTCAATCGACACCAGTTTTT	20	GO593_11455	CP046654.1	GTaAATCGACACCtGTTTTT	2	a3C,t14A	2415026-2415046	1231	F	R
GTGAAAGATTGCTCTGGACA	GTGAAAGATTGCTCTGGACA	20	GO593_06905	CP046654.1	GTGAAAGATaGCTCTGGAaA	2	a10T,a19C	1444419-1444439	400	F	F
TAATGAACGGATCAGTTTGC	TAATGAACGGATCAGTTTGC	20	GO593_10155	CP046654.1	TAATGAACGcATCAtTTTGC	2	c10G,t15G	2141794-2141814	1316	R	F
TGCCACCGTAGATGATAGCC	TGCCACCGTAGATGATAGCC	20	GO593_10330	CP046654.1	TaCCACCGTAGATGATAGCt	2	a2G,t20C	2175610-2175630	91	F	R
ATGCGACCAGCAACCGTTGT	ATGCGACCAGCAACCGTTGT	20	GO593_00105	CP046654.1	ATGCGACCAGtAACCGTcGT	2	t11C,c18T	15742-15762	527	F	F
TGGTCTACGTTATGGTTTAA	TGGTCTACGTTATGGTTTAA	20	GO593_00420	CP046654.1	TGGTCcACGTTcTGGTTTAA	2	c6T,c12A	80508-80528	694	R	R
CAAATTTAGCGATCTCTTCT	CAAATTTAGCGATCTCTTCT	20	GO593_03435	CP046654.1	CAAATTTAGCcATtTCTTCT	2	c11G,t14C	742694-742714	129	R	F
AATGGTTTCGTAGATGTCAG	AATGGTTTCGTAGATGTCAG	20	GO593_07045	CP046654.1	AATGGTTTCGTAGATGgCAG	1	g17T	1478161-1478181	557	R	R
AATGGTTTCGTGGATGACAG	AATGGTTTCGTGGATGACAG	20	GO593_07045	CP046654.1	AATGGTTTCGTaGATGgCAG	2	a12G,g17A	1478161-1478181	557	R	R
GTTTGCGATCTCCACGCATT	GTTTGCGATCTCCACGCATT	20	GO593_06725	CP046654.1	GTTTGCtATCaCCACGCATT	2	t7G,a11T	1410399-1410419	117	R	F
AACGTTCAATCAACAAAGCA	AACGTTCAATCAACAAAGCA	20	None	CP046654.1	AACGTTCAATCAAtAAgGCA	2	t14C,g17A	3171868-3171888	None	F	
ACATTACCTTTTTCATCCAC	ACATTACCTTTTTCATCCAC	20	GO593_13010	CP046654.1	tCATTACCTTTTTCATCgAC	2	t1A,g18C	2708307-2708327	1150	R	F
ACCTTACCTTTTTCATCCAT	ACCTTACCTTTTTCATCCAT	20	GO593_16670	CP046654.1	AtCTTACCTTcTTCATCCAT	2	t2C,c11T	3487325-3487345	182	F	R
CTTGCAAAGGTTTGGTCGTC	CTTGCAAAGGTTTGGTCGTC	20	GO593_08095	CP046654.1	CTTGCAAAGGTTTGGTCaTa	2	a18G,a20C	1699005-1699025	693	R	F
ACTCAGCACGTTTTGCAGCG	ACTCAGCACGTTTTGCAGCG	20	GO593_04135	CP046654.1	AtTCAGCACGTTTTGCAGCG	1	t2C	877210-877230	58	F	R
TACGGTCACGATTCAGACCC	TACGGTCACGATTCAGACCC	20	GO593_09080	CP046654.1	TACGGTCACGAgTCAaACCC	2	g12T,a16G	1913035-1913055	102	R	F
GCAGGCACAGGATTTTTCAC	GCAGGCACAGGATTTTTCAC	20	GO593_01740	CP046654.1	GCAGGgACAGGATTTTTCtC	2	g6C,t19A	352733-352753	577	R	R
GGTTGTTCCCAGGTCAATAC	GGTTGTTCCCAGGTCAATAC	20	GO593_15740	CP046654.1	tGTTGTTCCtAGGTCAATAC	2	t1G,t10C	3286924-3286944	66	F	R
CCCTGCGCCTGCATTAAGCG	CCCTGCGCCTGCATTAAGCG	20	GO593_01035	CP046654.1	gCCTGCGCCTGCATTAAGCG	1	g1C	186521-186541	890	R	F
ATAACCTTCGGCATATTTGT	ATAACCTTCGGCATATTTGT	20	GO593_00420	CP046654.1	ATAACCTTCtGCgTATTTGT	2	t10G,g13A	81049-81069	153	F	R
CAGCAGGTTGTTCAACAATG	CAGCAGGTTGTTCAACAATG	20	GO593_13635	CP046654.1	CAGCAGGTTGTTCAcCAATt	2	c15A,t20G	2832770-2832790	250	F	R
CAGCAGGTTGTTCAACAATG	CAGCAGGTTGTTCAACAATG	20	GO593_06940	CP046654.1	CAGCgGGTTGTTCAACAcTG	2	g5A,c18A	1453601-1453621	437	F	F
CAGCAGTTTGTTCAACAATT	CAGCAGTTTGTTCAACAATT	20	GO593_17475	CP046654.1	CAcCAGTTTGTTgAACAATT	2	c3G,g13C	3664378-3664398	385	F	R
CAGCAGTTTGTTCAACAATT	CAGCAGTTTGTTCAACAATT	20	GO593_13635	CP046654.1	CAGCAGgTTGTTCAcCAATT	2	g7T,c15A	2832770-2832790	250	F	R
TAAATCGGCGTTTTTATAGT	TAAATCGGCGTTTTTATAGT	20	GO593_15480	CP046654.1	TAAATCGtgGTTTTTATAGT	2	t8G,g9C	3233536-3233556	101	F	F
CTTCTTTTTCGCTATCGATT	CTTCTTTTTCGCTATCGATT	20	None	CP046654.1	CTTtTTTTTaGCTATCGATT	2	t4C,a10C	2453444-2453464	None	F	
TAAATGCCGGATCGATATCC	TAAATGCCGGATCGATATCC	20	GO593_09070	CP046654.1	TAAATGCCGGATCGAcATCa	2	c16T,a20C	1911370-1911390	468	R	F
TAAATGCCGGATCGGTATCA	TAAATGCCGGATCGGTATCA	20	GO593_09070	CP046654.1	TAAATGCCGGATCGacATCA	2	a15G,c16T	1911370-1911390	468	R	F
CGCAACATCATCATTGACGC	CGCAACATCATCATTGACGC	20	GO593_18000	CP046654.1	aGCAACATtATCATTGACGC	2	a1C,t9C	3769219-3769239	97	R	R
CGCCACATTATCATTGACGC	CGCCACATTATCATTGACGC	20	GO593_18000	CP046654.1	aGCaACATTATCATTGACGC	2	a1C,a4C	3769219-3769239	97	R	R
GAACCAGTAAAAGCACCTGA	GAACCAGTAAAAGCACCTGA	20	GO593_00450	CP046654.1	GAACCctTAAAAGCACCTGA	2	c6A,t7G	85128-85148	392	F	R
GTCGCTTCAATCATATGTAC	GTCGCTTCAATCATATGTAC	20	GO593_12980	CP046654.1	GTCGCTTCAATCATAaGTAg	2	a16T,g20C	2701265-2701285	655	R	F
ATTGGCAAGCTCTTTACGTC	ATTGGCAAGCTCTTTACGTC	20	None	CP046654.1	ATTGGCAAGCTCTTTgCaTC	2	g16A,a18G	1331696-1331716	None	R	
ATTTGGTCAGCAATTTTATC	ATTTGGTCAGCAATTTTATC	20	GO593_15290	CP046654.1	ATTTGGTCgGCcATTTTATC	2	g9A,c12A	3193912-3193932	50	F	R
ATTTGGTCAGCAATTTTATC	ATTTGGTCAGCAATTTTATC	20	GO593_10985	CP046654.1	ATTTGGTCtGCAATTTTcTC	2	t9A,c18A	2312955-2312975	1583	F	R
CGTCAATAACTTCTAACGAA	CGTCAATAACTTCTAACGAA	20	GO593_09360	CP046654.1	CGcCAATAACTTCTAACGgA	2	c3T,g19A	1975022-1975042	501	R	F
CAGAACACCTGCTTTTTCGT	CAGAACACCTGCTTTTTCGT	20	GO593_11945	CP046654.1	CAGcACACCTaCTTTTTCGT	2	c4A,a11G	2497574-2497594	63	F	R
CTGCTTTTTCAGCTTCACTC	CTGCTTTTTCAGCTTCACTC	20	GO593_10375	CP046654.1	CTGCTTTTgCAGCTTCACgC	2	g9T,g19T	2181665-2181685	1188	R	F
TACACGACCACGAATTCCAT	TACACGACCACGAATTCCAT	20	GO593_10240	CP046654.1	TACACGACgACGAATTtCAT	2	g9C,t17C	2162190-2162210	180	F	R
CGGTCTGACCTTCGCTTACA	CGGTCTGACCTTCGCTTACA	20	GO593_15290	CP046654.1	CGGgaTGACCTTCGCTTACA	2	g4T,a5C	3193931-3193951	31	F	R
ATTACGCCGCCATCAACGAC	ATTACGCCGCCATCAACGAC	20	GO593_11140	CP046654.1	ATTAaGCCGCCATCAcCGAC	2	a5C,c16A	2345401-2345421	1294	R	F
CACAATTAATCCAATCGCAA	CACAATTAATCCAATCGCAA	20	GO593_16800	CP046654.1	CACAATTAAagCAATCGCAA	2	a10T,g11C	3512169-3512189	1011	F	R
TGACGAATGGCCACCACGGC	TGACGAATGGCCACCACGGC	20	GO593_17150	CP046654.1	TGAaGAATGGtCACCACGGC	2	a4C,t11C	3595731-3595751	172	R	R
ATTACGGCATGCTTAAGATC	ATTACGGCATGCTTAAGATC	20	GO593_15335	CP046654.1	ATTtCGaCATGCTTAAGATC	2	t4A,a7G	3203492-3203512	1868	F	R
ATCACCTTCAACTACAAATT	ATCACCTTCAACTACAAATT	20	GO593_07770	CP046654.1	ATCACCTTCtACTACAAcTT	2	t10A,c18A	1632678-1632698	42	F	R
GACCAATACGACGCACACCC	GACCAATACGACGCACACCC	20	GO593_04110	CP046654.1	GACCAATACGACGCAgACCt	2	g16C,t20C	875061-875081	76	F	R
TTGCGTGCTTTGGTGATCAT	TTGCGTGCTTTGGTGATCAT	20	GO593_07075	CP046654.1	TTGCGTGgTTTGGTGATCAT	1	g8C	1484169-1484189	46	F	F
CGATAACTTCGTCATCACGC	CGATAACTTCGTCATCACGC	20	GO593_18690	CP046654.1	CaATAACTTCtTCATCACGC	2	a2G,t11G	3928101-3928121	1494	R	F
GCTTCTGATGTTTCTTAACA	GCTTCTGATGTTTCTTAACA	20	None	CP046654.1	GCTTCTGATtTTTCTcAACA	2	t10G,c16T	1777350-1777370	None	R	
CGTTCAGCATAGTATGTTCT	CGTTCAGCATAGTATGTTCT	20	GO593_10610	CP046654.1	CGTTtAGCAcAGTATGTTCT	2	t5C,c10T	2229966-2229986	340	F	F
CGTTCAGCATAGTCTGTTCA	CGTTCAGCATAGTCTGTTCA	20	GO593_06830	CP046654.1	CGTTCAGCAgAGTCTGcTCA	2	g10T,c17T	1429216-1429236	812	R	R
AGCCGCTTTCTTGTTGGTGA	AGCCGCTTTCTTGTTGGTGA	20	GO593_05505	CP046654.1	AGCCGCTTTaTTGTTGcTGA	2	a10C,c17G	1165625-1165645	509	R	R
TTCGGTAGTAGTGGTTTTGC	TTCGGTAGTAGTGGTTTTGC	20	GO593_18830	CP046654.1	TTCGGTAGTAGTacTTTTGC	2	a13G,c14G	3954731-3954751	19	F	F
TTCGGTAGTAGTGCTTTTAC	TTCGGTAGTAGTGCTTTTAC	20	GO593_18830	CP046654.1	TTCGGTAGTAGTaCTTTTgC	2	a13G,g19A	3954731-3954751	19	F	F
ATTTTTTACCATCTACCATT	ATTTTTTACCATCTACCATT	20	GO593_10515	CP046654.1	ATTTTTTACCATCTtgCATT	2	t15A,g16C	2208573-2208593	90	R	F
GTAAAGCATCTAAACCTTCA	GTAAAGCATCTAAACCTTCA	20	GO593_04910	CP046654.1	cTAAAGCATCTAAAgCTTCA	2	c1G,g15C	1035801-1035821	283	F	R
CAATGATACAGTAAATGCAA	CAATGATACAGTAAATGCAA	20	GO593_13875	CP046654.1	CAATGATACAGccAATGCAA	2	c12T,c13A	2892662-2892682	1122	F	F
GTTTTGCTATTTACCGGTTT	GTTTTGCTATTTACCGGTTT	20	GO593_04495	CP046654.1	GTTTTGCTATTTtCCaGTTT	2	t13A,a16G	949157-949177	292	F	R
TGACCGATTTCTTCTACAAC	TGACCGATTTCTTCTACAAC	20	GO593_08195	CP046654.1	TGgCCcATTTCTTCTACAAC	2	g3A,c6G	1717604-1717624	1096	R	F
CAGTAATTGAAGCATTACGT	CAGTAATTGAAGCATTACGT	20	GO593_06540	CP046654.1	CAGTgATTGAAGCAgTACGT	2	g5A,g15T	1383400-1383420	375	R	F
TATTATTATCATGAATAATT	TATTATTATCATGAATAATT	20	None	CP046654.1	TAaTATTAaCATGAATAATT	2	a3T,a9T	3067342-3067362	None	F	
AGGTTTGAATCAGTTGATTT	AGGTTTGAATCAGTTGATTT	20	GO593_14980	CP046654.1	AGGTTTGAATaAGTTGcTTT	2	a11C,c17A	3133512-3133532	229	F	R
AGGTTTGAATCAGTTGATTA	AGGTTTGAATCAGTTGATTA	20	GO593_01535	CP046654.1	tGGTTTGAATCAGTTcATTA	2	t1A,c16G	306730-306750	162	F	F
TAGAAGCACCAATCACCACA	TAGAAGCACCAATCACCACA	20	GO593_00300	CP046654.1	TAaAAGCACCAATCACCAaA	2	a3G,a19C	52928-52948	48	R	F
ATTTCAACCCCTTCTTCGGT	ATTTCAACCCCTTCTTCGGT	20	GO593_07930	CP046654.1	ATTTCtACCaCTTCTTCGGT	2	t6A,a10C	1660180-1660200	121	R	F
ATTTCAACCACTGCTTCGGT	ATTTCAACCACTGCTTCGGT	20	GO593_07930	CP046654.1	ATTTCtACCACTtCTTCGGT	2	t6A,t13G	1660180-1660200	121	R	F
ATTTCAACCACTTCGTCGGT	ATTTCAACCACTTCGTCGGT	20	GO593_07930	CP046654.1	ATTTCtACCACTTCtTCGGT	2	t6A,t15G	1660180-1660200	121	R	F
TGCAACCTGCAGCTTGATAT	TGCAACCTGCAGCTTGATAT	20	GO593_07935	CP046654.1	TGgAACtTGCAGCTTGATAT	2	g3C,t7C	1660724-1660744	23	R	F
TTTATCTACAGTTACGCCAT	TTTATCTACAGTTACGCCAT	20	GO593_11925	CP046654.1	TTTATCTACAGTTtCGtCAT	2	t14A,t17C	2494121-2494141	1172	R	F
CTTTAGCTTCTTTCAGACCG	CTTTAGCTTCTTTCAGACCG	20	GO593_07950	CP046654.1	CTTTAGCTTCTTTaAGACCa	2	a14C,a20G	1662940-1662960	243	R	F
CTTTAGCTTCTTTCAGACCG	CTTTAGCTTCTTTCAGACCG	20	GO593_12690	CP046654.1	CTTTAGCTTCTTTaAtACCG	2	a14C,t16G	2648187-2648207	219	R	F
AACCTTGTTTACGCCACTGC	AACCTTGTTTACGCCACTGC	20	GO593_10950	CP046654.1	AACCTTGTTTACGCCACTca	2	c19G,a20C	2303502-2303522	366	R	F
AACCTTGTTTACGCCTCTGA	AACCTTGTTTACGCCTCTGA	20	GO593_10950	CP046654.1	AACCTTGTTTACGCCaCTcA	2	a16T,c19G	2303502-2303522	366	R	F
CTTCGCCATTTTCAACGATA	CTTCGCCATTTTCAACGATA	20	GO593_03430	CP046654.1	tTTCGCCtTTTTCAACGATA	2	t1C,t8A	741714-741734	1119	R	F
GTTACGGCCTTTTGGACCCA	GTTACGGCCTTTTGGACCCA	20	GO593_02305	CP046654.1	GTTACGGCCTTTaGGACCtA	2	a13T,t19C	478549-478569	90	F	R
GGCCCCAGTCTTCTAGACGG	GGCCCCAGTCTTCTAGACGG	20	GO593_18615	CP046654.1	GGCCCCAaTCTTCTAaACGG	2	a8G,a16G	3912521-3912541	111	R	F
AACGGCAGAACTTGCGAAGA	AACGGCAGAACTTGCGAAGA	20	GO593_18620	CP046654.1	AgCGGCAGAACTTGCGAcGA	2	g2A,c18A	3912823-3912843	18	R	F
TTTTTTGCAGGCGTTGCATG	TTTTTTGCAGGCGTTGCATG	20	GO593_09675	CP046654.1	TTTTTTGCAGGaGTTGCATc	2	a12C,c20G	2041276-2041296	1420	R	F
TTTTTTGCAGGCGTTGCAAC	TTTTTTGCAGGCGTTGCAAC	20	GO593_09675	CP046654.1	TTTTTTGCAGGaGTTGCAtC	2	a12C,t19A	2041276-2041296	1420	R	F
GTTTTTGCAGGCGTTGCATC	GTTTTTGCAGGCGTTGCATC	20	GO593_09675	CP046654.1	tTTTTTGCAGGaGTTGCATC	2	t1G,a12C	2041276-2041296	1420	R	F
TTTTTTGCAGGCGTTGAATC	TTTTTTGCAGGCGTTGAATC	20	GO593_09675	CP046654.1	TTTTTTGCAGGaGTTGcATC	2	a12C,c17A	2041276-2041296	1420	R	F
TATGTATAAAAATAAATCTT	TATGTATAAAAATAAATCTT	20	GO593_15835	CP046654.1	TtTGTAcAAAAATAAATCTT	2	t2A,c7T	3306193-3306213	750	R	F
AACTGGCGTTTTTCCAAAAA	AACTGGCGTTTTTCCAAAAA	20	GO593_02235	CP046654.1	AACTGGCGTTaTTCCAgAAA	2	a11T,g17A	459659-459679	2992	R	R
AATTATTTATAATGAGAATA	AATTATTTATAATGAGAATA	20	GO593_13695	CP046654.1	AATTATTTAaAAaGAGAATA	2	a10T,a13T	2847250-2847270	122	F	F
ATAAAAAATAAATATAATTT	ATAAAAAATAAATATAATTT	20	GO593_03995	CP046654.1	ATAAAAAATAAATATgAcTT	2	g16A,c18T	854891-854911	470	R	R
ATAAAAAATAAATATAATTT	ATAAAAAATAAATATAATTT	20	None	CP046654.1	ATAAAcAATAAATATAtTTT	2	c6A,t17A	3660645-3660665	None	R	
ATAAAAAATAAATATAATTT	ATAAAAAATAAATATAATTT	20	None	CP046654.1	ATAtAAAATAtATATAATTT	2	t4A,t11A	2759683-2759703	None	R	
AGAAAAAATAAACATAATTT	AGAAAAAATAAACATAATTT	20	GO593_14090	CP046654.1	AGAAAAAgTAAACATcATTT	2	g8A,c16A	2940898-2940918	786	F	F
TTAAATATTCTCGCAGTAGA	TTAAATATTCTCGCAGTAGA	20	GO593_06360	CP046654.1	TaAAATATTtTCGCAGTAGA	2	a2T,t10C	1349132-1349152	198	F	R
GAAAGAAAACCGCGAAAGCG	GAAAGAAAACCGCGAAAGCG	20	GO593_11475	CP046654.1	GAAAGAAAACaGCaAAAGCG	2	a11C,a14G	2419327-2419347	164	F	F
CGAGCCAGACTTGTTCTTAT	CGAGCCAGACTTGTTCTTAT	20	GO593_03825	CP046654.1	CGAGCCAGAtTTGTTCaTAT	2	t10C,a17T	821686-821706	414	R	F
ATGGTCAGGCCAATTGCCAT	ATGGTCAGGCCAATTGCCAT	20	GO593_10265	CP046654.1	ATGGTCAGGtCAAcTGCCAT	2	t10C,c14T	2165573-2165593	63	F	F
GCAATATGGAGTTAAAGGCG	GCAATATGGAGTTAAAGGCG	20	GO593_08700	CP046654.1	GCAATgTGGAGTTAAAGGCa	2	g6A,a20G	1833550-1833570	1310	F	F
TATTGGTTTAGGCCAACAAT	TATTGGTTTAGGCCAACAAT	20	GO593_08000	CP046654.1	TATTGGTTTAaGCCAACAAg	2	a11G,g20T	1677704-1677724	252	F	F
TCAGGAGCATCCGGATAACA	TCAGGAGCATCCGGATAACA	20	GO593_11155	CP046654.1	TCAGGcGCATCCGGATAACg	2	c6A,g20A	2348909-2348929	214	R	F
